insert into roles (id, role) values (1, 'utilisateur');
insert into roles (id, role) values (2, 'entrepreneur');
insert into roles (id, role) values (3, 'modérateur');
insert into roles (id, role) values (4, 'administrateur');
insert into utilisateurs (id, nom, prenom, dateNaissance, numeroRue, rue, ville, codePostal, email, password) values (1, 'Gregory', 'Rawll', '1999-03-23', 210, 'Dorton', 'Vincennes', 5620, 'frawll0@buzzfeed.com', '$2b$10$W9mmzmjkvUDl8cMftz7tSOhePUtAC3Sk1KLtZs4MmgFzq0/6Hh/sK');
insert into utilisateurs (id, nom, prenom, dateNaissance, numeroRue, rue, ville, codePostal, email, password) values (2, 'Evita', 'Paffett', '1991-05-09', 34, 'Lakeland', 'Wulipu', 6399, 'lpaffett1@creativecommons.org', '$2b$10$W9mmzmjkvUDl8cMftz7tSOhePUtAC3Sk1KLtZs4MmgFzq0/6Hh/sK');
insert into utilisateurs (id, nom, prenom, dateNaissance, numeroRue, rue, ville, codePostal, email, password) values (3, 'Mischa', 'Gisby', '1998-06-28', 211, 'Mallory', 'Deskáti', 4352, 'cgisby2@weather.com', '$2b$10$W9mmzmjkvUDl8cMftz7tSOhePUtAC3Sk1KLtZs4MmgFzq0/6Hh/sK');
insert into utilisateurs (id, nom, prenom, dateNaissance, numeroRue, rue, ville, codePostal, email, password) values (4, 'Willi', 'Feakins', '1999-04-20', 291, 'Ridgeway', 'Lagnieu', 5021, 'efeakins3@google.com', '$2b$10$W9mmzmjkvUDl8cMftz7tSOhePUtAC3Sk1KLtZs4MmgFzq0/6Hh/sK');
insert into utilisateurs (id, nom, prenom, dateNaissance, numeroRue, rue, ville, codePostal, email, password) values (5, 'Claudelle', 'Kneale', '1989-05-09', 27, 'Cardinal', 'Ma’ao', 7693, 'kkneale4@com.com', '$2b$10$W9mmzmjkvUDl8cMftz7tSOhePUtAC3Sk1KLtZs4MmgFzq0/6Hh/sK');
insert into utilisateurs (id, nom, prenom, dateNaissance, numeroRue, rue, ville, codePostal, email, password) values (6, 'Keely', 'Grimsey', '1987-08-16', 308, 'Jenifer', 'Camagüey', 7447, 'cgrimsey5@vkontakte.ru', '$2b$10$W9mmzmjkvUDl8cMftz7tSOhePUtAC3Sk1KLtZs4MmgFzq0/6Hh/sK');
insert into utilisateurs (id, nom, prenom, dateNaissance, numeroRue, rue, ville, codePostal, email, password) values (7, 'Myer', 'Deane', '1992-11-08', 197, 'Melby', 'Maroanging', 2968, 'edeane6@pen.io', '$2b$10$W9mmzmjkvUDl8cMftz7tSOhePUtAC3Sk1KLtZs4MmgFzq0/6Hh/sK');
insert into utilisateurs (id, nom, prenom, dateNaissance, numeroRue, rue, ville, codePostal, email, password) values (8, 'Boothe', 'Reicherz', '1992-05-09', 116, 'Clove', 'El Retorno', 4404, 'areicherz7@ihg.com', '$2b$10$W9mmzmjkvUDl8cMftz7tSOhePUtAC3Sk1KLtZs4MmgFzq0/6Hh/sK');
insert into utilisateurs (id, nom, prenom, dateNaissance, numeroRue, rue, ville, codePostal, email, password) values (9, 'Caitrin', 'Cutbirth', '1997-10-15', 341, 'Schiller', 'Guanchao', 1605, 'kcutbirth8@admin.ch', '$2b$10$W9mmzmjkvUDl8cMftz7tSOhePUtAC3Sk1KLtZs4MmgFzq0/6Hh/sK');
insert into utilisateurs (id, nom, prenom, dateNaissance, numeroRue, rue, ville, codePostal, email, password) values (10, 'Noble', 'Grigoli', '1985-04-20', 267, 'Warbler', 'Rosario', 3915, 'fgrigoli9@github.com', '$2b$10$W9mmzmjkvUDl8cMftz7tSOhePUtAC3Sk1KLtZs4MmgFzq0/6Hh/sK');
insert into utilisateurs (id, nom, prenom, dateNaissance, numeroRue, rue, ville, codePostal, email, password) values (11, 'Ashlie', 'Zimmermeister', '1993-05-19', 124, 'Elgar', 'Quintela', 5881, 'tzimmermeistera@archive.org', '$2b$10$W9mmzmjkvUDl8cMftz7tSOhePUtAC3Sk1KLtZs4MmgFzq0/6Hh/sK');
insert into utilisateurs (id, nom, prenom, dateNaissance, numeroRue, rue, ville, codePostal, email, password) values (12, 'Reilly', 'Collinson', '1984-11-09', 325, 'Springview', 'Polo', 5685, 'ycollinsonb@friendfeed.com', '$2b$10$W9mmzmjkvUDl8cMftz7tSOhePUtAC3Sk1KLtZs4MmgFzq0/6Hh/sK');
insert into utilisateurs (id, nom, prenom, dateNaissance, numeroRue, rue, ville, codePostal, email, password) values (13, 'Edy', 'Ormes', '1992-06-21', 266, 'Huxley', 'Villa Santa Rosa', 3838, 'mormesc@themeforest.net', '$2b$10$W9mmzmjkvUDl8cMftz7tSOhePUtAC3Sk1KLtZs4MmgFzq0/6Hh/sK');
insert into utilisateurs (id, nom, prenom, dateNaissance, numeroRue, rue, ville, codePostal, email, password) values (14, 'Yul', 'Marco', '1997-09-05', 283, 'Grim', 'Tarariras', 2531, 'mmarcod@ehow.com', '$2b$10$W9mmzmjkvUDl8cMftz7tSOhePUtAC3Sk1KLtZs4MmgFzq0/6Hh/sK');
insert into utilisateurs (id, nom, prenom, dateNaissance, numeroRue, rue, ville, codePostal, email, password) values (15, 'Julio', 'Menaul', '1983-07-13', 197, 'Dovetail', 'Los Santos', 7933, 'vmenaule@ehow.com', '$2b$10$W9mmzmjkvUDl8cMftz7tSOhePUtAC3Sk1KLtZs4MmgFzq0/6Hh/sK');
insert into utilisateurs (id, nom, prenom, dateNaissance, numeroRue, rue, ville, codePostal, email, password) values (16, 'Teodorico', 'Pow', '1989-01-30', 114, 'Onsgard', 'Tomaszów Mazowiecki', 7946, 'lpowf@si.edu', '$2b$10$W9mmzmjkvUDl8cMftz7tSOhePUtAC3Sk1KLtZs4MmgFzq0/6Hh/sK');
insert into utilisateurs (id, nom, prenom, dateNaissance, numeroRue, rue, ville, codePostal, email, password) values (17, 'Jennette', 'Reford', '1983-03-08', 350, 'Morning', 'Hamamatsu', 6427, 'drefordg@netlog.com', '$2b$10$W9mmzmjkvUDl8cMftz7tSOhePUtAC3Sk1KLtZs4MmgFzq0/6Hh/sK');
insert into utilisateurs (id, nom, prenom, dateNaissance, numeroRue, rue, ville, codePostal, email, password) values (18, 'Christoforo', 'Allery', '1998-11-05', 125, 'Crest Line', 'La Condamine', 5692, 'falleryh@chron.com', '$2b$10$W9mmzmjkvUDl8cMftz7tSOhePUtAC3Sk1KLtZs4MmgFzq0/6Hh/sK');
insert into utilisateurs (id, nom, prenom, dateNaissance, numeroRue, rue, ville, codePostal, email, password) values (19, 'Vicky', 'Salisbury', '1999-09-11', 246, 'Lien', 'Vestmannaeyjar', 3037, 'esalisburyi@dagondesign.com', '$2b$10$W9mmzmjkvUDl8cMftz7tSOhePUtAC3Sk1KLtZs4MmgFzq0/6Hh/sK');
insert into utilisateurs (id, nom, prenom, dateNaissance, numeroRue, rue, ville, codePostal, email, password) values (20, 'Birgit', 'MattiCCI', '1984-11-24', 81, 'Russell', 'Victoria', 6439, 'rmatticcij@timesonline.co.uk', '$2b$10$W9mmzmjkvUDl8cMftz7tSOhePUtAC3Sk1KLtZs4MmgFzq0/6Hh/sK');
insert into utilisateurs (id, nom, prenom, dateNaissance, numeroRue, rue, ville, codePostal, email, password) values (21, 'Vonnie', 'Robun', '1995-04-21', 130, 'Lillian', 'Kolape', 3828, 'lrobunk@reverbnation.com', '$2b$10$W9mmzmjkvUDl8cMftz7tSOhePUtAC3Sk1KLtZs4MmgFzq0/6Hh/sK');
insert into utilisateurs (id, nom, prenom, dateNaissance, numeroRue, rue, ville, codePostal, email, password) values (22, 'Drugi', 'Sidwell', '1988-03-09', 350, 'Artisan', 'Shilaoren', 7019, 'ssidwelll@reverbnation.com', '$2b$10$W9mmzmjkvUDl8cMftz7tSOhePUtAC3Sk1KLtZs4MmgFzq0/6Hh/sK');
insert into utilisateurs (id, nom, prenom, dateNaissance, numeroRue, rue, ville, codePostal, email, password) values (23, 'Arlina', 'Kendall', '1996-08-05', 243, 'Basil', 'Zheleznodorozhnyy', 2125, 'dkendallm@biglobe.ne.jp', '$2b$10$W9mmzmjkvUDl8cMftz7tSOhePUtAC3Sk1KLtZs4MmgFzq0/6Hh/sK');
insert into utilisateurs (id, nom, prenom, dateNaissance, numeroRue, rue, ville, codePostal, email, password) values (24, 'Bendicty', 'Whitmore', '1982-01-08', 168, 'Superior', 'Sanhe', 6880, 'awhitmoren@delicious.com', '$2b$10$W9mmzmjkvUDl8cMftz7tSOhePUtAC3Sk1KLtZs4MmgFzq0/6Hh/sK');
insert into utilisateurs (id, nom, prenom, dateNaissance, numeroRue, rue, ville, codePostal, email, password) values (25, 'Tucker', 'Meus', '1983-10-18', 302, 'Granby', 'Kyaka', 3758, 'tmeuso@soundcloud.com', '$2b$10$W9mmzmjkvUDl8cMftz7tSOhePUtAC3Sk1KLtZs4MmgFzq0/6Hh/sK');
insert into utilisateurs (id, nom, prenom, dateNaissance, numeroRue, rue, ville, codePostal, email, password) values (26, 'Bernadina', 'Bosche', '1995-03-03', 54, 'Lake View', 'Bang Bo', 7410, 'lboschep@slate.com', '$2b$10$W9mmzmjkvUDl8cMftz7tSOhePUtAC3Sk1KLtZs4MmgFzq0/6Hh/sK');
insert into utilisateurs (id, nom, prenom, dateNaissance, numeroRue, rue, ville, codePostal, email, password) values (27, 'Chrystal', 'Levet', '1981-08-30', 207, 'Merchant', 'Kadugannawa', 2788, 'mlevetq@mayoclinic.com', '$2b$10$W9mmzmjkvUDl8cMftz7tSOhePUtAC3Sk1KLtZs4MmgFzq0/6Hh/sK');
insert into utilisateurs (id, nom, prenom, dateNaissance, numeroRue, rue, ville, codePostal, email, password) values (28, 'Amelina', 'Meadowcraft', '1996-01-08', 62, 'Donald', 'Kikinda', 5126, 'mmeadowcraftr@prnewswire.com', '$2b$10$W9mmzmjkvUDl8cMftz7tSOhePUtAC3Sk1KLtZs4MmgFzq0/6Hh/sK');
insert into utilisateurs (id, nom, prenom, dateNaissance, numeroRue, rue, ville, codePostal, email, password) values (29, 'Koral', 'Shann', '1982-08-13', 270, 'Mallard', 'Yekimovichi', 4148, 'cshanns@accuweather.com', '$2b$10$W9mmzmjkvUDl8cMftz7tSOhePUtAC3Sk1KLtZs4MmgFzq0/6Hh/sK');
insert into utilisateurs (id, nom, prenom, dateNaissance, numeroRue, rue, ville, codePostal, email, password) values (30, 'Rolph', 'Pilgram', '2000-03-07', 188, 'Blaine', 'Thap Than', 3611, 'spilgramt@amazonaws.com', '$2b$10$W9mmzmjkvUDl8cMftz7tSOhePUtAC3Sk1KLtZs4MmgFzq0/6Hh/sK');
insert into utilisateurs (id, nom, prenom, dateNaissance, numeroRue, rue, ville, codePostal, email, password) values (31, 'Eliza', 'Cunniffe', '1987-06-06', 213, '8th', 'Guider', 4045, 'ocunniffeu@spotify.com', '$2b$10$W9mmzmjkvUDl8cMftz7tSOhePUtAC3Sk1KLtZs4MmgFzq0/6Hh/sK');
insert into utilisateurs (id, nom, prenom, dateNaissance, numeroRue, rue, ville, codePostal, email, password) values (32, 'Brittan', 'Annon', '1993-04-25', 309, 'Farragut', 'Kaolinovo', 5828, 'sannonv@geocities.jp', '$2b$10$W9mmzmjkvUDl8cMftz7tSOhePUtAC3Sk1KLtZs4MmgFzq0/6Hh/sK');
insert into utilisateurs (id, nom, prenom, dateNaissance, numeroRue, rue, ville, codePostal, email, password) values (33, 'Candida', 'Fleeming', '1983-10-22', 321, 'Superior', 'Mahajanga', 5062, 'ifleemingw@myspace.com', '$2b$10$W9mmzmjkvUDl8cMftz7tSOhePUtAC3Sk1KLtZs4MmgFzq0/6Hh/sK');
insert into utilisateurs (id, nom, prenom, dateNaissance, numeroRue, rue, ville, codePostal, email, password) values (34, 'Glenda', 'Easeman', '1989-10-19', 265, 'Mitchell', 'Kosamphi Nakhon', 7217, 'peasemanx@parallels.com', '$2b$10$W9mmzmjkvUDl8cMftz7tSOhePUtAC3Sk1KLtZs4MmgFzq0/6Hh/sK');
insert into utilisateurs (id, nom, prenom, dateNaissance, numeroRue, rue, ville, codePostal, email, password) values (35, 'Lewie', 'Swiggs', '1990-10-15', 258, 'Burning Wood', 'Yangyong', 4735, 'mswiggsy@artisteer.com', '$2b$10$W9mmzmjkvUDl8cMftz7tSOhePUtAC3Sk1KLtZs4MmgFzq0/6Hh/sK');
insert into utilisateurs (id, nom, prenom, dateNaissance, numeroRue, rue, ville, codePostal, email, password) values (36, 'Earl', 'Batkin', '1993-12-11', 302, 'Manley', 'Krasnolesnyy', 4694, 'bbatkinz@un.org', '$2b$10$W9mmzmjkvUDl8cMftz7tSOhePUtAC3Sk1KLtZs4MmgFzq0/6Hh/sK');
insert into utilisateurs (id, nom, prenom, dateNaissance, numeroRue, rue, ville, codePostal, email, password) values (37, 'Dwayne', 'Dello', '1987-08-02', 13, 'Surrey', 'Íquira', 6498, 'rdello10@illinois.edu', '$2b$10$W9mmzmjkvUDl8cMftz7tSOhePUtAC3Sk1KLtZs4MmgFzq0/6Hh/sK');
insert into utilisateurs (id, nom, prenom, dateNaissance, numeroRue, rue, ville, codePostal, email, password) values (38, 'Daniel', 'MacKaile', '1983-02-05', 160, 'Oriole', 'Miguel Pereira', 2343, 'tmackaile11@example.com', '$2b$10$W9mmzmjkvUDl8cMftz7tSOhePUtAC3Sk1KLtZs4MmgFzq0/6Hh/sK');
insert into utilisateurs (id, nom, prenom, dateNaissance, numeroRue, rue, ville, codePostal, email, password) values (39, 'Teodora', 'Hullyer', '1993-05-23', 20, 'Jenifer', 'Beizi', 7062, 'ghullyer12@mysql.com', '$2b$10$W9mmzmjkvUDl8cMftz7tSOhePUtAC3Sk1KLtZs4MmgFzq0/6Hh/sK');
insert into utilisateurs (id, nom, prenom, dateNaissance, numeroRue, rue, ville, codePostal, email, password) values (40, 'Tobias', 'Munns', '1986-12-08', 179, 'West', 'Chenôve', 3819, 'smunns13@cargocollective.com', '$2b$10$W9mmzmjkvUDl8cMftz7tSOhePUtAC3Sk1KLtZs4MmgFzq0/6Hh/sK');
insert into utilisateurs (id, nom, prenom, dateNaissance, numeroRue, rue, ville, codePostal, email, password) values (41, 'Dannye', 'Colenutt', '1983-07-08', 198, 'Crownhardt', 'Bairro', 6575, 'bcolenutt14@ucsd.edu', '$2b$10$W9mmzmjkvUDl8cMftz7tSOhePUtAC3Sk1KLtZs4MmgFzq0/6Hh/sK');
insert into utilisateurs (id, nom, prenom, dateNaissance, numeroRue, rue, ville, codePostal, email, password) values (42, 'Klemens', 'Joanaud', '1998-12-15', 121, 'Sycamore', 'Qiziltepa Shahri', 2941, 'pjoanaud15@bloomberg.com', '$2b$10$W9mmzmjkvUDl8cMftz7tSOhePUtAC3Sk1KLtZs4MmgFzq0/6Hh/sK');
insert into utilisateurs (id, nom, prenom, dateNaissance, numeroRue, rue, ville, codePostal, email, password) values (43, 'Corey', 'Alpin', '1981-05-23', 109, 'Milwaukee', 'Fortaleza', 3494, 'dalpin16@live.com', '$2b$10$W9mmzmjkvUDl8cMftz7tSOhePUtAC3Sk1KLtZs4MmgFzq0/6Hh/sK');
insert into utilisateurs (id, nom, prenom, dateNaissance, numeroRue, rue, ville, codePostal, email, password) values (44, 'Conrado', 'Chaves', '1988-03-06', 294, 'Mcbride', 'Jājarm', 5310, 'achaves17@linkedin.com', '$2b$10$W9mmzmjkvUDl8cMftz7tSOhePUtAC3Sk1KLtZs4MmgFzq0/6Hh/sK');
insert into utilisateurs (id, nom, prenom, dateNaissance, numeroRue, rue, ville, codePostal, email, password) values (45, 'Caleb', 'Carl', '2000-01-17', 342, 'Aberg', 'Chepes', 1150, 'pcarl18@linkedin.com', '$2b$10$W9mmzmjkvUDl8cMftz7tSOhePUtAC3Sk1KLtZs4MmgFzq0/6Hh/sK');
insert into utilisateurs (id, nom, prenom, dateNaissance, numeroRue, rue, ville, codePostal, email, password) values (46, 'Hertha', 'Minget', '1997-05-02', 166, 'Maple Wood', 'Santa Ana Huista', 1509, 'zminget19@behance.net', '$2b$10$W9mmzmjkvUDl8cMftz7tSOhePUtAC3Sk1KLtZs4MmgFzq0/6Hh/sK');
insert into utilisateurs (id, nom, prenom, dateNaissance, numeroRue, rue, ville, codePostal, email, password) values (47, 'Lexine', 'Ethridge', '1982-01-26', 187, 'American Ash', 'Memaliaj', 5461, 'aethridge1a@aol.com', '$2b$10$W9mmzmjkvUDl8cMftz7tSOhePUtAC3Sk1KLtZs4MmgFzq0/6Hh/sK');
insert into utilisateurs (id, nom, prenom, dateNaissance, numeroRue, rue, ville, codePostal, email, password) values (48, 'Bartholemy', 'Pear', '1986-10-25', 226, 'Caliangt', 'Předklášteří', 2441, 'spear1b@mozilla.org', '$2b$10$W9mmzmjkvUDl8cMftz7tSOhePUtAC3Sk1KLtZs4MmgFzq0/6Hh/sK');
insert into utilisateurs (id, nom, prenom, dateNaissance, numeroRue, rue, ville, codePostal, email, password) values (49, 'Michel', 'Blackmore', '1990-06-30', 19, 'Towne', 'Querecotillo', 2326, 'dblackmore1c@google.nl', '$2b$10$W9mmzmjkvUDl8cMftz7tSOhePUtAC3Sk1KLtZs4MmgFzq0/6Hh/sK');
insert into utilisateurs (id, nom, prenom, dateNaissance, numeroRue, rue, ville, codePostal, email, password) values (50, 'Krystal', 'O''Donoghue', '1985-10-23', 311, 'Michigan', 'Jatisari', 4008, 'sodonoghue1d@princeton.edu', '$2b$10$W9mmzmjkvUDl8cMftz7tSOhePUtAC3Sk1KLtZs4MmgFzq0/6Hh/sK');
insert into utilisateurs (id, nom, prenom, dateNaissance, numeroRue, rue, ville, codePostal, email, password) values (51, 'Billy', 'Sabati', '1987-09-04', 248, 'Saint Paul', 'Burlatskoye', 6890, 'csabati1e@google.com.br', '$2b$10$W9mmzmjkvUDl8cMftz7tSOhePUtAC3Sk1KLtZs4MmgFzq0/6Hh/sK');
insert into utilisateurs (id, nom, prenom, dateNaissance, numeroRue, rue, ville, codePostal, email, password) values (52, 'Maggee', 'Constable', '1987-05-22', 150, 'Novick', 'Magay', 7858, 'cconstable1f@mtv.com', '$2b$10$W9mmzmjkvUDl8cMftz7tSOhePUtAC3Sk1KLtZs4MmgFzq0/6Hh/sK');
insert into utilisateurs (id, nom, prenom, dateNaissance, numeroRue, rue, ville, codePostal, email, password) values (53, 'Candra', 'O''Hern', '1985-05-06', 296, 'Florence', 'Amberd', 2739, 'dohern1g@netscape.com', '$2b$10$W9mmzmjkvUDl8cMftz7tSOhePUtAC3Sk1KLtZs4MmgFzq0/6Hh/sK');
insert into utilisateurs (id, nom, prenom, dateNaissance, numeroRue, rue, ville, codePostal, email, password) values (54, 'Davon', 'Keyes', '1980-10-04', 282, 'Bluestem', 'Aksu', 1014, 'pkeyes1h@is.gd', '$2b$10$W9mmzmjkvUDl8cMftz7tSOhePUtAC3Sk1KLtZs4MmgFzq0/6Hh/sK');
insert into utilisateurs (id, nom, prenom, dateNaissance, numeroRue, rue, ville, codePostal, email, password) values (55, 'Rebekah', 'Geator', '1988-06-24', 184, 'Mcbride', 'Havlíčkův Brod', 1771, 'lgeator1i@unc.edu', '$2b$10$W9mmzmjkvUDl8cMftz7tSOhePUtAC3Sk1KLtZs4MmgFzq0/6Hh/sK');
insert into utilisateurs (id, nom, prenom, dateNaissance, numeroRue, rue, ville, codePostal, email, password) values (56, 'Katuscha', 'Whitington', '1993-09-25', 336, 'Pawling', 'Rizhao', 7008, 'bwhitington1j@usda.gov', '$2b$10$W9mmzmjkvUDl8cMftz7tSOhePUtAC3Sk1KLtZs4MmgFzq0/6Hh/sK');
insert into utilisateurs (id, nom, prenom, dateNaissance, numeroRue, rue, ville, codePostal, email, password) values (57, 'Devina', 'Henstridge', '2000-01-29', 270, 'Corscot', 'Foros da Catrapona', 4965, 'ahenstridge1k@so-net.ne.jp', '$2b$10$W9mmzmjkvUDl8cMftz7tSOhePUtAC3Sk1KLtZs4MmgFzq0/6Hh/sK');
insert into utilisateurs (id, nom, prenom, dateNaissance, numeroRue, rue, ville, codePostal, email, password) values (58, 'Bernardo', 'Choulerton', '1994-10-11', 27, 'Warner', 'Calancuasan Norte', 6281, 'achoulerton1l@alexa.com', '$2b$10$W9mmzmjkvUDl8cMftz7tSOhePUtAC3Sk1KLtZs4MmgFzq0/6Hh/sK');
insert into utilisateurs (id, nom, prenom, dateNaissance, numeroRue, rue, ville, codePostal, email, password) values (59, 'Shayla', 'Fitzroy', '1981-12-06', 253, 'Maywood', 'El Gouna', 5095, 'afitzroy1m@paginegialle.it', '$2b$10$W9mmzmjkvUDl8cMftz7tSOhePUtAC3Sk1KLtZs4MmgFzq0/6Hh/sK');
insert into utilisateurs (id, nom, prenom, dateNaissance, numeroRue, rue, ville, codePostal, email, password) values (60, 'Simonne', 'Stow', '1990-03-05', 69, 'Killdeer', 'Jadho', 2835, 'astow1n@unesco.org', '$2b$10$W9mmzmjkvUDl8cMftz7tSOhePUtAC3Sk1KLtZs4MmgFzq0/6Hh/sK');
insert into utilisateurs (id, nom, prenom, dateNaissance, numeroRue, rue, ville, codePostal, email, password) values (61, 'Renata', 'Coombe', '1983-02-11', 142, 'Bunting', 'Tsant', 1962, 'ncoombe1o@webmd.com', '$2b$10$W9mmzmjkvUDl8cMftz7tSOhePUtAC3Sk1KLtZs4MmgFzq0/6Hh/sK');
insert into utilisateurs (id, nom, prenom, dateNaissance, numeroRue, rue, ville, codePostal, email, password) values (62, 'Iormina', 'Mallender', '1982-10-16', 27, 'Gale', 'Santa Luzia', 1215, 'bmallender1p@noaa.gov', '$2b$10$W9mmzmjkvUDl8cMftz7tSOhePUtAC3Sk1KLtZs4MmgFzq0/6Hh/sK');
insert into utilisateurs (id, nom, prenom, dateNaissance, numeroRue, rue, ville, codePostal, email, password) values (63, 'Annis', 'Kinnen', '1995-09-10', 284, 'Esker', 'Bandar-e Ganāveh', 1886, 'akinnen1q@senate.gov', '$2b$10$W9mmzmjkvUDl8cMftz7tSOhePUtAC3Sk1KLtZs4MmgFzq0/6Hh/sK');
insert into utilisateurs (id, nom, prenom, dateNaissance, numeroRue, rue, ville, codePostal, email, password) values (64, 'Phyllida', 'Zotto', '1991-04-20', 231, 'Reinke', 'Causip', 4425, 'azotto1r@huffingtonpost.com', '$2b$10$W9mmzmjkvUDl8cMftz7tSOhePUtAC3Sk1KLtZs4MmgFzq0/6Hh/sK');
insert into utilisateurs (id, nom, prenom, dateNaissance, numeroRue, rue, ville, codePostal, email, password) values (65, 'Bern', 'Connor', '1993-09-07', 40, 'Meadow Ridge', 'Fort Smith', 4715, 'cconnor1s@feedburner.com', '$2b$10$W9mmzmjkvUDl8cMftz7tSOhePUtAC3Sk1KLtZs4MmgFzq0/6Hh/sK');
insert into utilisateurs (id, nom, prenom, dateNaissance, numeroRue, rue, ville, codePostal, email, password) values (66, 'Siffre', 'Stoak', '1993-11-25', 48, 'Stang', 'Chiryū', 3194, 'jstoak1t@biglobe.ne.jp', '$2b$10$W9mmzmjkvUDl8cMftz7tSOhePUtAC3Sk1KLtZs4MmgFzq0/6Hh/sK');
insert into utilisateurs (id, nom, prenom, dateNaissance, numeroRue, rue, ville, codePostal, email, password) values (67, 'Marius', 'Meddings', '1984-02-23', 253, 'Di Loreto', 'Jiujie', 1279, 'kmeddings1u@gravatar.com', '$2b$10$W9mmzmjkvUDl8cMftz7tSOhePUtAC3Sk1KLtZs4MmgFzq0/6Hh/sK');
insert into utilisateurs (id, nom, prenom, dateNaissance, numeroRue, rue, ville, codePostal, email, password) values (68, 'Teddi', 'Sillito', '2000-03-19', 109, 'International', 'Nuevo Amanecer', 5641, 'msillito1v@loc.gov', '$2b$10$W9mmzmjkvUDl8cMftz7tSOhePUtAC3Sk1KLtZs4MmgFzq0/6Hh/sK');
insert into utilisateurs (id, nom, prenom, dateNaissance, numeroRue, rue, ville, codePostal, email, password) values (69, 'Gard', 'Edson', '1982-08-22', 93, 'Park Meadow', 'Bech', 3905, 'aedson1w@51.la', '$2b$10$W9mmzmjkvUDl8cMftz7tSOhePUtAC3Sk1KLtZs4MmgFzq0/6Hh/sK');
insert into utilisateurs (id, nom, prenom, dateNaissance, numeroRue, rue, ville, codePostal, email, password) values (70, 'Chadd', 'Serginson', '1982-11-18', 133, 'Declaration', 'Cimo de Vila', 4226, 'cserginson1x@4shared.com', '$2b$10$W9mmzmjkvUDl8cMftz7tSOhePUtAC3Sk1KLtZs4MmgFzq0/6Hh/sK');
insert into utilisateurs (id, nom, prenom, dateNaissance, numeroRue, rue, ville, codePostal, email, password) values (71, 'Frazer', 'Revill', '1986-11-07', 339, 'Gerald', 'Haugesund', 3029, 'trevill1y@dell.com', '$2b$10$W9mmzmjkvUDl8cMftz7tSOhePUtAC3Sk1KLtZs4MmgFzq0/6Hh/sK');
insert into utilisateurs (id, nom, prenom, dateNaissance, numeroRue, rue, ville, codePostal, email, password) values (72, 'Sterling', 'Zanetello', '1993-12-07', 161, 'Bartelt', 'Swinford', 1118, 'azanetello1z@walmart.com', '$2b$10$W9mmzmjkvUDl8cMftz7tSOhePUtAC3Sk1KLtZs4MmgFzq0/6Hh/sK');
insert into utilisateurs (id, nom, prenom, dateNaissance, numeroRue, rue, ville, codePostal, email, password) values (73, 'Matteo', 'Allbon', '1982-06-24', 136, 'Corscot', 'Xiuying', 2920, 'jallbon20@europa.eu', '$2b$10$W9mmzmjkvUDl8cMftz7tSOhePUtAC3Sk1KLtZs4MmgFzq0/6Hh/sK');
insert into utilisateurs (id, nom, prenom, dateNaissance, numeroRue, rue, ville, codePostal, email, password) values (74, 'Beatrisa', 'Kirmond', '1993-06-07', 145, 'Old Shore', 'Dobřív', 1339, 'lkirmond21@wired.com', '$2b$10$W9mmzmjkvUDl8cMftz7tSOhePUtAC3Sk1KLtZs4MmgFzq0/6Hh/sK');
insert into utilisateurs (id, nom, prenom, dateNaissance, numeroRue, rue, ville, codePostal, email, password) values (75, 'Fallon', 'Haythorn', '1990-04-19', 13, 'Porter', 'Maloco', 3274, 'ghaythorn22@ted.com', '$2b$10$W9mmzmjkvUDl8cMftz7tSOhePUtAC3Sk1KLtZs4MmgFzq0/6Hh/sK');
insert into utilisateurs (id, nom, prenom, dateNaissance, numeroRue, rue, ville, codePostal, email, password) values (76, 'Odella', 'Britch', '1993-08-22', 229, 'Goodland', 'Qiawan', 5871, 'lbritch23@ucsd.edu', '$2b$10$W9mmzmjkvUDl8cMftz7tSOhePUtAC3Sk1KLtZs4MmgFzq0/6Hh/sK');
insert into utilisateurs (id, nom, prenom, dateNaissance, numeroRue, rue, ville, codePostal, email, password) values (77, 'Shirlee', 'Bendley', '1981-10-21', 86, 'Monica', 'Doroslovo', 6604, 'fbendley24@netvibes.com', '$2b$10$W9mmzmjkvUDl8cMftz7tSOhePUtAC3Sk1KLtZs4MmgFzq0/6Hh/sK');
insert into utilisateurs (id, nom, prenom, dateNaissance, numeroRue, rue, ville, codePostal, email, password) values (78, 'Hillary', 'Langley', '1998-02-03', 300, 'Mesta', 'Lianrao', 5094, 'glangley25@unblog.fr', '$2b$10$W9mmzmjkvUDl8cMftz7tSOhePUtAC3Sk1KLtZs4MmgFzq0/6Hh/sK');
insert into utilisateurs (id, nom, prenom, dateNaissance, numeroRue, rue, ville, codePostal, email, password) values (79, 'Pasquale', 'Chuney', '1993-04-15', 322, 'Vidon', 'Shuizhai', 3306, 'cchuney26@oakley.com', '$2b$10$W9mmzmjkvUDl8cMftz7tSOhePUtAC3Sk1KLtZs4MmgFzq0/6Hh/sK');
insert into utilisateurs (id, nom, prenom, dateNaissance, numeroRue, rue, ville, codePostal, email, password) values (80, 'Margalit', 'Briggdale', '1982-07-19', 111, 'Talisman', 'Dengzhou', 7948, 'dbriggdale27@marketwatch.com', '$2b$10$W9mmzmjkvUDl8cMftz7tSOhePUtAC3Sk1KLtZs4MmgFzq0/6Hh/sK');
insert into utilisateurs (id, nom, prenom, dateNaissance, numeroRue, rue, ville, codePostal, email, password) values (81, 'Jorrie', 'Kettell', '1994-06-10', 170, 'Browning', 'Kuasha', 5727, 'mkettell28@google.ca', '$2b$10$W9mmzmjkvUDl8cMftz7tSOhePUtAC3Sk1KLtZs4MmgFzq0/6Hh/sK');
insert into utilisateurs (id, nom, prenom, dateNaissance, numeroRue, rue, ville, codePostal, email, password) values (82, 'Phaidra', 'Gatman', '2000-01-18', 127, 'Butternut', 'Jarocin', 3779, 'igatman29@chronoengine.com', '$2b$10$W9mmzmjkvUDl8cMftz7tSOhePUtAC3Sk1KLtZs4MmgFzq0/6Hh/sK');
insert into utilisateurs (id, nom, prenom, dateNaissance, numeroRue, rue, ville, codePostal, email, password) values (83, 'Jody', 'Cornew', '1994-03-05', 44, 'Sloan', 'Xinan', 4817, 'ecornew2a@arstechnica.com', '$2b$10$W9mmzmjkvUDl8cMftz7tSOhePUtAC3Sk1KLtZs4MmgFzq0/6Hh/sK');
insert into utilisateurs (id, nom, prenom, dateNaissance, numeroRue, rue, ville, codePostal, email, password) values (84, 'Levin', 'Stanex', '1999-08-01', 272, 'Village Green', 'Genang', 4879, 'lstanex2b@edublogs.org', '$2b$10$W9mmzmjkvUDl8cMftz7tSOhePUtAC3Sk1KLtZs4MmgFzq0/6Hh/sK');
insert into utilisateurs (id, nom, prenom, dateNaissance, numeroRue, rue, ville, codePostal, email, password) values (85, 'Geralda', 'Matysik', '1987-08-08', 239, 'Vermont', 'Barrancabermeja', 6230, 'tmatysik2c@gov.uk', '$2b$10$W9mmzmjkvUDl8cMftz7tSOhePUtAC3Sk1KLtZs4MmgFzq0/6Hh/sK');
insert into utilisateurs (id, nom, prenom, dateNaissance, numeroRue, rue, ville, codePostal, email, password) values (86, 'Richie', 'Grigsby', '1988-11-25', 232, 'Dahle', 'Lokorae', 7597, 'egrigsby2d@imageshack.us', '$2b$10$W9mmzmjkvUDl8cMftz7tSOhePUtAC3Sk1KLtZs4MmgFzq0/6Hh/sK');
insert into utilisateurs (id, nom, prenom, dateNaissance, numeroRue, rue, ville, codePostal, email, password) values (87, 'Chan', 'Arthars', '1987-10-12', 23, 'American', 'Linpu', 5883, 'qarthars2e@harvard.edu', '$2b$10$W9mmzmjkvUDl8cMftz7tSOhePUtAC3Sk1KLtZs4MmgFzq0/6Hh/sK');
insert into utilisateurs (id, nom, prenom, dateNaissance, numeroRue, rue, ville, codePostal, email, password) values (88, 'Sharity', 'Lorkings', '1988-05-25', 101, 'Tomscot', 'La Tebaida', 2050, 'jlorkings2f@w3.org', '$2b$10$W9mmzmjkvUDl8cMftz7tSOhePUtAC3Sk1KLtZs4MmgFzq0/6Hh/sK');
insert into utilisateurs (id, nom, prenom, dateNaissance, numeroRue, rue, ville, codePostal, email, password) values (89, 'Sara-ann', 'Champney', '1981-01-11', 185, 'Rutledge', 'Kurashiki', 7640, 'lchampney2g@nymag.com', '$2b$10$W9mmzmjkvUDl8cMftz7tSOhePUtAC3Sk1KLtZs4MmgFzq0/6Hh/sK');
insert into utilisateurs (id, nom, prenom, dateNaissance, numeroRue, rue, ville, codePostal, email, password) values (90, 'Tersina', 'Otteridge', '1990-04-08', 321, 'Pleasure', 'København', 3221, 'motteridge2h@sciencedaily.com', '$2b$10$W9mmzmjkvUDl8cMftz7tSOhePUtAC3Sk1KLtZs4MmgFzq0/6Hh/sK');
insert into utilisateurs (id, nom, prenom, dateNaissance, numeroRue, rue, ville, codePostal, email, password) values (91, 'Sibby', 'Finnigan', '1985-04-18', 347, 'Main', 'Kuala Terengganu', 7282, 'lfinnigan2i@deviantart.com', '$2b$10$W9mmzmjkvUDl8cMftz7tSOhePUtAC3Sk1KLtZs4MmgFzq0/6Hh/sK');
insert into utilisateurs (id, nom, prenom, dateNaissance, numeroRue, rue, ville, codePostal, email, password) values (92, 'Ludwig', 'Restill', '1986-08-17', 35, 'Bonner', 'Banjar Peguyangan', 5946, 'lrestill2j@google.co.uk', '$2b$10$W9mmzmjkvUDl8cMftz7tSOhePUtAC3Sk1KLtZs4MmgFzq0/6Hh/sK');
insert into utilisateurs (id, nom, prenom, dateNaissance, numeroRue, rue, ville, codePostal, email, password) values (93, 'Rennie', 'Caghy', '1983-09-12', 178, 'Merry', 'Leipzig', 6295, 'rcaghy2k@mit.edu', '$2b$10$W9mmzmjkvUDl8cMftz7tSOhePUtAC3Sk1KLtZs4MmgFzq0/6Hh/sK');
insert into utilisateurs (id, nom, prenom, dateNaissance, numeroRue, rue, ville, codePostal, email, password) values (94, 'Kali', 'Edeson', '1998-04-17', 84, 'Darwin', 'Belén de Umbría', 3444, 'ledeson2l@blogger.com', '$2b$10$W9mmzmjkvUDl8cMftz7tSOhePUtAC3Sk1KLtZs4MmgFzq0/6Hh/sK');
insert into utilisateurs (id, nom, prenom, dateNaissance, numeroRue, rue, ville, codePostal, email, password) values (95, 'Lucinda', 'Climie', '1986-03-13', 84, 'Dryden', 'Luqiao', 1381, 'eclimie2m@mashable.com', '$2b$10$W9mmzmjkvUDl8cMftz7tSOhePUtAC3Sk1KLtZs4MmgFzq0/6Hh/sK');
insert into utilisateurs (id, nom, prenom, dateNaissance, numeroRue, rue, ville, codePostal, email, password) values (96, 'Stinky', 'Mabbett', '1986-08-11', 22, 'Roxbury', 'Saint-Denis', 6969, 'pmabbett2n@networksolutions.com', '$2b$10$W9mmzmjkvUDl8cMftz7tSOhePUtAC3Sk1KLtZs4MmgFzq0/6Hh/sK');
insert into utilisateurs (id, nom, prenom, dateNaissance, numeroRue, rue, ville, codePostal, email, password) values (97, 'Riobard', 'Brownhill', '1999-09-09', 181, 'Mccormick', 'Malimaneek', 3670, 'abrownhill2o@msn.com', '$2b$10$W9mmzmjkvUDl8cMftz7tSOhePUtAC3Sk1KLtZs4MmgFzq0/6Hh/sK');
insert into utilisateurs (id, nom, prenom, dateNaissance, numeroRue, rue, ville, codePostal, email, password) values (98, 'Keane', 'Dowdney', '1995-01-01', 118, 'Fremont', 'Lokolande', 3096, 'fdowdney2p@ycombinator.com', '$2b$10$W9mmzmjkvUDl8cMftz7tSOhePUtAC3Sk1KLtZs4MmgFzq0/6Hh/sK');
insert into utilisateurs (id, nom, prenom, dateNaissance, numeroRue, rue, ville, codePostal, email, password) values (99, 'Annamarie', 'Gartrell', '1987-07-10', 140, 'Blackbird', 'Sérvia', 2772, 'hgartrell2q@ocn.ne.jp', '$2b$10$W9mmzmjkvUDl8cMftz7tSOhePUtAC3Sk1KLtZs4MmgFzq0/6Hh/sK');
insert into utilisateurs (id, nom, prenom, dateNaissance, numeroRue, rue, ville, codePostal, email, password) values (100, 'Sherrie', 'Scotting', '1990-06-27', 316, 'Forest Run', 'Yampil’', 7850, 'escotting2r@umich.edu', '$2b$10$W9mmzmjkvUDl8cMftz7tSOhePUtAC3Sk1KLtZs4MmgFzq0/6Hh/sK');
insert into categories (id, nom) values (1, 'livre');
insert into categories (id, nom) values (2, 'high-tec');
insert into categories (id, nom) values (3, 'cuisine et maison');
insert into categories (id, nom) values (4, 'informatique');
insert into categories (id, nom) values (5, 'mode');
insert into categories (id, nom) values (6, 'comestible');
insert into categories (id, nom) values (7, 'bricolage');
insert into categories (id, nom) values (8, 'jeux-vidéo');
insert into categories (id, nom) values (9, 'sport et loisir');
insert into categories (id, nom) values (10, 'auto moto');
insert into categories (id, nom) values (11, 'animalerie');
insert into categories (id, nom) values (12, 'electromenager');
insert into categories (id, nom) values (13, 'fourniture de bureau');

insert into clients (id, createdAt, updatedAt, utilisateurId, roleId, refreshToken) values (1, '2000-06-03', '2000-06-03', 1, 1, '3536787471143619');
insert into clients (id, createdAt, updatedAt, utilisateurId, roleId, refreshToken) values (2, '2000-06-03', '2000-06-03', 2, 1, '6759811572735926');
insert into clients (id, createdAt, updatedAt, utilisateurId, roleId, refreshToken) values (3, '2000-06-03', '2000-06-03', 3, 1, '6334797642399888463');
insert into clients (id, createdAt, updatedAt, utilisateurId, roleId, refreshToken) values (4, '2000-06-03', '2000-06-03', 4, 1, '3550193844858044');
insert into clients (id, createdAt, updatedAt, utilisateurId, roleId, refreshToken) values (5, '2000-06-03', '2000-06-03', 5, 1, '30103074761871');
insert into clients (id, createdAt, updatedAt, utilisateurId, roleId, refreshToken) values (6, '2000-06-03', '2000-06-03', 6, 1, '3568679863470216');
insert into clients (id, createdAt, updatedAt, utilisateurId, roleId, refreshToken) values (7, '2000-06-03', '2000-06-03', 7, 1, '3549126115578325');
insert into clients (id, createdAt, updatedAt, utilisateurId, roleId, refreshToken) values (8, '2000-06-03', '2000-06-03', 8, 1, '372301245304193');
insert into clients (id, createdAt, updatedAt, utilisateurId, roleId, refreshToken) values (9, '2000-06-03', '2000-06-03', 9, 1, '5100148838635303');
insert into clients (id, createdAt, updatedAt, utilisateurId, roleId, refreshToken) values (10, '2000-06-03', '2000-06-03', 10, 1, '6759617674102646');
insert into clients (id, createdAt, updatedAt, utilisateurId, roleId, refreshToken) values (11, '2000-06-03', '2000-06-03', 11, 1, '3587509837290571');
insert into clients (id, createdAt, updatedAt, utilisateurId, roleId, refreshToken) values (12, '2000-06-03', '2000-06-03', 12, 1, '201849046740616');
insert into clients (id, createdAt, updatedAt, utilisateurId, roleId, refreshToken) values (13, '2000-06-03', '2000-06-03', 13, 1, '3569430992629358');
insert into clients (id, createdAt, updatedAt, utilisateurId, roleId, refreshToken) values (14, '2000-06-03', '2000-06-03', 14, 1, '5610133941162455');
insert into clients (id, createdAt, updatedAt, utilisateurId, roleId, refreshToken) values (15, '2000-06-03', '2000-06-03', 15, 1, '4026425898894473');
insert into clients (id, createdAt, updatedAt, utilisateurId, roleId, refreshToken) values (16, '2000-06-03', '2000-06-03', 16, 1, '3559878189863358');
insert into clients (id, createdAt, updatedAt, utilisateurId, roleId, refreshToken) values (17, '2000-06-03', '2000-06-03', 17, 1, '36056046823795');
insert into clients (id, createdAt, updatedAt, utilisateurId, roleId, refreshToken) values (18, '2000-06-03', '2000-06-03', 18, 1, '6763472941574565991');
insert into clients (id, createdAt, updatedAt, utilisateurId, roleId, refreshToken) values (19, '2000-06-03', '2000-06-03', 19, 1, '201486151727664');
insert into clients (id, createdAt, updatedAt, utilisateurId, roleId, refreshToken) values (20, '2000-06-03', '2000-06-03', 20, 1, '5602246537959660');
insert into clients (id, createdAt, updatedAt, utilisateurId, roleId, refreshToken) values (21, '2000-06-03', '2000-06-03', 21, 1, '3551627606013354');
insert into clients (id, createdAt, updatedAt, utilisateurId, roleId, refreshToken) values (22, '2000-06-03', '2000-06-03', 22, 1, '3560931793767627');
insert into clients (id, createdAt, updatedAt, utilisateurId, roleId, refreshToken) values (23, '2000-06-03', '2000-06-03', 23, 1, '201601241529272');
insert into clients (id, createdAt, updatedAt, utilisateurId, roleId, refreshToken) values (24, '2000-06-03', '2000-06-03', 24, 1, '3560463706333024');
insert into clients (id, createdAt, updatedAt, utilisateurId, roleId, refreshToken) values (25, '2000-06-03', '2000-06-03', 25, 1, '56022589387975475');
insert into clients (id, createdAt, updatedAt, utilisateurId, roleId, refreshToken) values (26, '2000-06-03', '2000-06-03', 26, 1, '201499485629829');
insert into clients (id, createdAt, updatedAt, utilisateurId, roleId, refreshToken) values (27, '2000-06-03', '2000-06-03', 27, 1, '3557353087827113');
insert into clients (id, createdAt, updatedAt, utilisateurId, roleId, refreshToken) values (28, '2000-06-03', '2000-06-03', 28, 1, '5602240523177130');
insert into clients (id, createdAt, updatedAt, utilisateurId, roleId, refreshToken) values (29, '2000-06-03', '2000-06-03', 29, 1, '201420577135160');
insert into clients (id, createdAt, updatedAt, utilisateurId, roleId, refreshToken) values (30, '2000-06-03', '2000-06-03', 30, 1, '6763484036745974');
insert into clients (id, createdAt, updatedAt, utilisateurId, roleId, refreshToken) values (31, '2000-06-03', '2000-06-03', 31, 1, '30599160869645');
insert into clients (id, createdAt, updatedAt, utilisateurId, roleId, refreshToken) values (32, '2000-06-03', '2000-06-03', 32, 1, '4903219856975764');
insert into clients (id, createdAt, updatedAt, utilisateurId, roleId, refreshToken) values (33, '2000-06-03', '2000-06-03', 33, 1, '6771708909708846');
insert into clients (id, createdAt, updatedAt, utilisateurId, roleId, refreshToken) values (34, '2000-06-03', '2000-06-03', 34, 1, '3581985908710638');
insert into clients (id, createdAt, updatedAt, utilisateurId, roleId, refreshToken) values (35, '2000-06-03', '2000-06-03', 35, 1, '5100143233401195');
insert into clients (id, createdAt, updatedAt, utilisateurId, roleId, refreshToken) values (36, '2000-06-03', '2000-06-03', 36, 1, '3533381733872893');
insert into clients (id, createdAt, updatedAt, utilisateurId, roleId, refreshToken) values (37, '2000-06-03', '2000-06-03', 37, 1, '5278341614612655');
insert into clients (id, createdAt, updatedAt, utilisateurId, roleId, refreshToken) values (38, '2000-06-03', '2000-06-03', 38, 1, '3545031848937851');
insert into clients (id, createdAt, updatedAt, utilisateurId, roleId, refreshToken) values (39, '2000-06-03', '2000-06-03', 39, 1, '3531600131513979');
insert into clients (id, createdAt, updatedAt, utilisateurId, roleId, refreshToken) values (40, '2000-06-03', '2000-06-03', 40, 1, '379435344728838');
insert into clients (id, createdAt, updatedAt, utilisateurId, roleId, refreshToken) values (41, '2000-06-03', '2000-06-03', 41, 1, '3546433629917343');
insert into clients (id, createdAt, updatedAt, utilisateurId, roleId, refreshToken) values (42, '2000-06-03', '2000-06-03', 42, 1, '201702506586757');
insert into clients (id, createdAt, updatedAt, utilisateurId, roleId, refreshToken) values (43, '2000-06-03', '2000-06-03', 43, 1, '5002358342984977');
insert into clients (id, createdAt, updatedAt, utilisateurId, roleId, refreshToken) values (44, '2000-06-03', '2000-06-03', 44, 1, '201793377616351');
insert into clients (id, createdAt, updatedAt, utilisateurId, roleId, refreshToken) values (45, '2000-06-03', '2000-06-03', 45, 1, '3552875297346760');
insert into clients (id, createdAt, updatedAt, utilisateurId, roleId, refreshToken) values (46, '2000-06-03', '2000-06-03', 46, 1, '201776270692074');
insert into clients (id, createdAt, updatedAt, utilisateurId, roleId, refreshToken) values (47, '2000-06-03', '2000-06-03', 47, 1, '5100137895931168');
insert into clients (id, createdAt, updatedAt, utilisateurId, roleId, refreshToken) values (48, '2000-06-03', '2000-06-03', 48, 1, '06049875011770059');
insert into clients (id, createdAt, updatedAt, utilisateurId, roleId, refreshToken) values (49, '2000-06-03', '2000-06-03', 49, 1, '6762409960006458');
insert into clients (id, createdAt, updatedAt, utilisateurId, roleId, refreshToken) values (50, '2000-06-03', '2000-06-03', 50, 1, '3562719266012839');
insert into clients (id, createdAt, updatedAt, utilisateurId, roleId, refreshToken) values (51, '2000-06-03', '2000-06-03', 51, 1, '3586590293300642');
insert into clients (id, createdAt, updatedAt, utilisateurId, roleId, refreshToken) values (52, '2000-06-03', '2000-06-03', 52, 1, '4936469307684314');
insert into clients (id, createdAt, updatedAt, utilisateurId, roleId, refreshToken) values (53, '2000-06-03', '2000-06-03', 53, 1, '5190459999804096');
insert into clients (id, createdAt, updatedAt, utilisateurId, roleId, refreshToken) values (54, '2000-06-03', '2000-06-03', 54, 1, '491187259454496967');
insert into clients (id, createdAt, updatedAt, utilisateurId, roleId, refreshToken) values (55, '2000-06-03', '2000-06-03', 55, 1, '6304451524561337885');
insert into clients (id, createdAt, updatedAt, utilisateurId, roleId, refreshToken) values (56, '2000-06-03', '2000-06-03', 56, 1, '3566210472333124');
insert into clients (id, createdAt, updatedAt, utilisateurId, roleId, refreshToken) values (57, '2000-06-03', '2000-06-03', 57, 1, '3534930436796244');
insert into clients (id, createdAt, updatedAt, utilisateurId, roleId, refreshToken) values (58, '2000-06-03', '2000-06-03', 58, 1, '490564078942166288');
insert into clients (id, createdAt, updatedAt, utilisateurId, roleId, refreshToken) values (59, '2000-06-03', '2000-06-03', 59, 1, '4917891453050052');
insert into clients (id, createdAt, updatedAt, utilisateurId, roleId, refreshToken) values (60, '2000-06-03', '2000-06-03', 60, 1, '3545870693000574');
insert into clients (id, createdAt, updatedAt, utilisateurId, roleId, refreshToken) values (61, '2000-06-03', '2000-06-03', 61, 1, '67715630448115617');
insert into clients (id, createdAt, updatedAt, utilisateurId, roleId, refreshToken) values (62, '2000-06-03', '2000-06-03', 62, 1, '3582575360443643');
insert into clients (id, createdAt, updatedAt, utilisateurId, roleId, refreshToken) values (63, '2000-06-03', '2000-06-03', 63, 1, '67613782933735152');
insert into clients (id, createdAt, updatedAt, utilisateurId, roleId, refreshToken) values (64, '2000-06-03', '2000-06-03', 64, 1, '5602222060258200');
insert into clients (id, createdAt, updatedAt, utilisateurId, roleId, refreshToken) values (65, '2000-06-03', '2000-06-03', 65, 1, '5277280736460802');
insert into clients (id, createdAt, updatedAt, utilisateurId, roleId, refreshToken) values (66, '2000-06-03', '2000-06-03', 66, 1, '5100139803964463');
insert into clients (id, createdAt, updatedAt, utilisateurId, roleId, refreshToken) values (67, '2000-06-03', '2000-06-03', 67, 1, '3533679812264522');
insert into clients (id, createdAt, updatedAt, utilisateurId, roleId, refreshToken) values (68, '2000-06-03', '2000-06-03', 68, 1, '3589344659507409');
insert into clients (id, createdAt, updatedAt, utilisateurId, roleId, refreshToken) values (69, '2000-06-03', '2000-06-03', 69, 1, '374288461637570');
insert into clients (id, createdAt, updatedAt, utilisateurId, roleId, refreshToken) values (70, '2000-06-03', '2000-06-03', 70, 1, '36192224446974');
insert into clients (id, createdAt, updatedAt, utilisateurId, roleId, refreshToken) values (71, '2000-06-03', '2000-06-03', 71, 1, '201607209120889');
insert into clients (id, createdAt, updatedAt, utilisateurId, roleId, refreshToken) values (72, '2000-06-03', '2000-06-03', 72, 1, '4017954366795');
insert into clients (id, createdAt, updatedAt, utilisateurId, roleId, refreshToken) values (73, '2000-06-03', '2000-06-03', 73, 1, '374288434860812');
insert into clients (id, createdAt, updatedAt, utilisateurId, roleId, refreshToken) values (74, '2000-06-03', '2000-06-03', 74, 1, '4041371349887');
insert into clients (id, createdAt, updatedAt, utilisateurId, roleId, refreshToken) values (75, '2000-06-03', '2000-06-03', 75, 1, '3569432823386505');
insert into clients (id, createdAt, updatedAt, utilisateurId, roleId, refreshToken) values (76, '2000-06-03', '2000-06-03', 76, 1, '201659565508421');
insert into clients (id, createdAt, updatedAt, utilisateurId, roleId, refreshToken) values (77, '2000-06-03', '2000-06-03', 77, 1, '060412202936273802');
insert into clients (id, createdAt, updatedAt, utilisateurId, roleId, refreshToken) values (78, '2000-06-03', '2000-06-03', 78, 1, '337941162227002');
insert into clients (id, createdAt, updatedAt, utilisateurId, roleId, refreshToken) values (79, '2000-06-03', '2000-06-03', 79, 1, '3579699990786620');
insert into clients (id, createdAt, updatedAt, utilisateurId, roleId, refreshToken) values (80, '2000-06-03', '2000-06-03', 80, 1, '3562527706601602');
insert into clients (id, createdAt, updatedAt, utilisateurId, roleId, refreshToken) values (81, '2000-06-03', '2000-06-03', 81, 1, '337941305216318');
insert into clients (id, createdAt, updatedAt, utilisateurId, roleId, refreshToken) values (82, '2000-06-03', '2000-06-03', 82, 1, '3531287199113429');
insert into clients (id, createdAt, updatedAt, utilisateurId, roleId, refreshToken) values (83, '2000-06-03', '2000-06-03', 83, 1, '3579741442817965');
insert into clients (id, createdAt, updatedAt, utilisateurId, roleId, refreshToken) values (84, '2000-06-03', '2000-06-03', 84, 1, '4274014449588');
insert into clients (id, createdAt, updatedAt, utilisateurId, roleId, refreshToken) values (85, '2000-06-03', '2000-06-03', 85, 1, '3563747842125055');
insert into clients (id, createdAt, updatedAt, utilisateurId, roleId, refreshToken) values (86, '2000-06-03', '2000-06-03', 86, 1, '6761307459933716622');
insert into clients (id, createdAt, updatedAt, utilisateurId, roleId, refreshToken) values (87, '2000-06-03', '2000-06-03', 87, 1, '3573727382651007');
insert into clients (id, createdAt, updatedAt, utilisateurId, roleId, refreshToken) values (88, '2000-06-03', '2000-06-03', 88, 1, '3533323744206794');
insert into clients (id, createdAt, updatedAt, utilisateurId, roleId, refreshToken) values (89, '2000-06-03', '2000-06-03', 89, 1, '4017958584500');
insert into clients (id, createdAt, updatedAt, utilisateurId, roleId, refreshToken) values (90, '2000-06-03', '2000-06-03', 90, 1, '5641825500602922757');
insert into clients (id, createdAt, updatedAt, utilisateurId, roleId, refreshToken) values (91, '2000-06-03', '2000-06-03', 91, 1, '5602231895234252');
insert into clients (id, createdAt, updatedAt, utilisateurId, roleId, refreshToken) values (92, '2000-06-03', '2000-06-03', 92, 1, '4050405591785847');
insert into clients (id, createdAt, updatedAt, utilisateurId, roleId, refreshToken) values (93, '2000-06-03', '2000-06-03', 93, 1, '3546298708932350');
insert into clients (id, createdAt, updatedAt, utilisateurId, roleId, refreshToken) values (94, '2000-06-03', '2000-06-03', 94, 1, '374288577615122');
insert into clients (id, createdAt, updatedAt, utilisateurId, roleId, refreshToken) values (95, '2000-06-03', '2000-06-03', 95, 1, '5602213683763023');
insert into clients (id, createdAt, updatedAt, utilisateurId, roleId, refreshToken) values (96, '2000-06-03', '2000-06-03', 96, 1, '3534499037858183');
insert into clients (id, createdAt, updatedAt, utilisateurId, roleId, refreshToken) values (97, '2000-06-03', '2000-06-03', 97, 1, '3535091076493375');
insert into clients (id, createdAt, updatedAt, utilisateurId, roleId, refreshToken) values (98, '2000-06-03', '2000-06-03', 98, 1, '3558918108328801');
insert into clients (id, createdAt, updatedAt, utilisateurId, roleId, refreshToken) values (99, '2000-06-03', '2000-06-03', 99, 1, '3577277463296468');
insert into clients (id, createdAt, updatedAt, utilisateurId, roleId, refreshToken) values (100, '2000-06-03', '2000-06-03', 100, 1, '201542521749406');

insert into entrepreneurs (id, nomE, numeroRueE, RueE, villeE, codePostalE, createdAt, updatedAt, utilisateurId) values (1, 'BullMark LatAm Select Leaders ETF', 289, 'Maple', 'Porto Ferreira', 2525, '2021-12-24', '2021-11-22', 30);
insert into entrepreneurs (id, nomE, numeroRueE, RueE, villeE, codePostalE, createdAt, updatedAt, utilisateurId) values (2, 'IntriCon Corporation', 60, 'Mallory', 'Letsheng', 6781, '2021-09-10', '2022-01-15', 72);
insert into entrepreneurs (id, nomE, numeroRueE, RueE, villeE, codePostalE, createdAt, updatedAt, utilisateurId) values (3, 'T-Mobile US, Inc.', 53, 'Bartelt', 'Santa Lucia', 5799, '2021-12-07', '2021-06-17', 61);
insert into entrepreneurs (id, nomE, numeroRueE, RueE, villeE, codePostalE, createdAt, updatedAt, utilisateurId) values (4, 'Boot Barn Holdings, Inc.', 215, 'Dahle', 'Dushu', 6792, '2021-11-27', '2021-09-23', 62);
insert into entrepreneurs (id, nomE, numeroRueE, RueE, villeE, codePostalE, createdAt, updatedAt, utilisateurId) values (5, 'Blackrock Enhanced Equity Dividend Trust', 183, 'Crescent Oaks', 'Shigongqiao', 6760, '2021-08-18', '2021-12-25', 65);
insert into entrepreneurs (id, nomE, numeroRueE, RueE, villeE, codePostalE, createdAt, updatedAt, utilisateurId) values (6, 'FirstEnergy Corporation', 58, 'Harper', 'Autun', 2649, '2021-06-29', '2021-12-03', 94);
insert into entrepreneurs (id, nomE, numeroRueE, RueE, villeE, codePostalE, createdAt, updatedAt, utilisateurId) values (7, 'Unity Bancorp, Inc.', 289, 'Merrick', 'Gaspar', 4028, '2021-08-16', '2021-12-18', 89);
insert into entrepreneurs (id, nomE, numeroRueE, RueE, villeE, codePostalE, createdAt, updatedAt, utilisateurId) values (8, 'Financial Engines, Inc.', 205, 'Basil', 'San Lorenzo', 7322, '2021-10-30', '2021-07-19', 98);
insert into entrepreneurs (id, nomE, numeroRueE, RueE, villeE, codePostalE, createdAt, updatedAt, utilisateurId) values (9, 'Kelly Services, Inc.', 46, 'Monterey', 'Rancabolang', 7608, '2022-03-18', '2021-05-21', 73);
insert into entrepreneurs (id, nomE, numeroRueE, RueE, villeE, codePostalE, createdAt, updatedAt, utilisateurId) values (10, 'CABCO Series 2004-101 Trust', 198, 'Dorton', 'Karangsumber', 4165, '2022-05-13', '2021-12-02', 82);
insert into entrepreneurs (id, nomE, numeroRueE, RueE, villeE, codePostalE, createdAt, updatedAt, utilisateurId) values (11, 'Ritchie Bros. Auctioneers Incorporated', 62, 'Texas', 'Beigong', 4086, '2021-08-04', '2021-10-06', 93);
insert into entrepreneurs (id, nomE, numeroRueE, RueE, villeE, codePostalE, createdAt, updatedAt, utilisateurId) values (12, 'National Energy Services Reunited Corp.', 180, 'Bayside', 'Hougong', 3448, '2021-12-23', '2022-01-12', 50);
insert into entrepreneurs (id, nomE, numeroRueE, RueE, villeE, codePostalE, createdAt, updatedAt, utilisateurId) values (13, 'Bancorp 34, Inc.', 50, 'Goodland', 'San Miguel', 4105, '2021-07-17', '2021-12-24', 27);
insert into entrepreneurs (id, nomE, numeroRueE, RueE, villeE, codePostalE, createdAt, updatedAt, utilisateurId) values (14, 'Fastenal Company', 299, 'Green Ridge', 'Tindog', 3616, '2022-01-25', '2021-06-26', 20);
insert into entrepreneurs (id, nomE, numeroRueE, RueE, villeE, codePostalE, createdAt, updatedAt, utilisateurId) values (15, 'Alphatec Holdings, Inc.', 32, 'Pennsylvania', 'Sawang Daen Din', 7631, '2021-07-17', '2021-10-04', 12);
insert into entrepreneurs (id, nomE, numeroRueE, RueE, villeE, codePostalE, createdAt, updatedAt, utilisateurId) values (16, 'NorthWestern Corporation', 130, 'Goodland', 'San Francisco Zapotitlán', 2317, '2021-08-30', '2022-03-05', 35);
insert into entrepreneurs (id, nomE, numeroRueE, RueE, villeE, codePostalE, createdAt, updatedAt, utilisateurId) values (17, 'Gafisa SA', 40, 'Stone Corner', 'Malakwal City', 6936, '2021-09-02', '2022-01-03', 81);
insert into entrepreneurs (id, nomE, numeroRueE, RueE, villeE, codePostalE, createdAt, updatedAt, utilisateurId) values (18, 'iPath US Treasury Long Bond Bull ETN', 274, 'Dayton', 'Dingtao', 1954, '2022-01-17', '2022-03-13', 36);
insert into entrepreneurs (id, nomE, numeroRueE, RueE, villeE, codePostalE, createdAt, updatedAt, utilisateurId) values (19, 'Nuveen Short Duration Credit Opportunities Fund', 280, 'Huxley', 'Plandi', 7259, '2021-12-25', '2022-04-26', 32);
insert into entrepreneurs (id, nomE, numeroRueE, RueE, villeE, codePostalE, createdAt, updatedAt, utilisateurId) values (20, 'Bel Fuse Inc.', 273, 'Schurz', 'Jiutai', 3781, '2021-07-16', '2021-11-03', 19);
insert into produits (id, nom, description, prix, quantite, estDisponible, categorieId, entrepreneurId) values (1, 'Rock Buckwheat', 'Curabitur gravida nisi at nibh. In hac habitasse platea dictumst. Aliquam augue quam, sollicitudin vitae, consectetuer eget, rutrum at, lorem.', 99.8, 75, true, 3, 13);
insert into produits (id, nom, description, prix, quantite, estDisponible, categorieId, entrepreneurId) values (2, 'Bog Beggarticks', 'Aenean fermentum. Donec ut mauris eget massa tempor convallis. Nulla neque libero, convallis eget, eleifend luctus, ultricies eu, nibh.', 29.7, 79, true, 12, 8);
insert into produits (id, nom, description, prix, quantite, estDisponible, categorieId, entrepreneurId) values (3, 'Alpine Milkvetch', 'Lorem ipsum dolor sit amet, consectetuer adipiscing elit. Proin risus. Praesent lectus.', 25.1, 53, true, 4, 10);
insert into produits (id, nom, description, prix, quantite, estDisponible, categorieId, entrepreneurId) values (4, 'Fringed Brome', 'Praesent id massa id nisl venenatis lacinia. Aenean sit amet justo. Morbi ut odio.', 57.5, 21, true, 9, 5);
insert into produits (id, nom, description, prix, quantite, estDisponible, categorieId, entrepreneurId) values (5, 'Western Germander', 'Nullam porttitor lacus at turpis. Donec posuere metus vitae ipsum. Aliquam non mauris.', 94.4, 128, true, 3, 17);
insert into produits (id, nom, description, prix, quantite, estDisponible, categorieId, entrepreneurId) values (6, 'Franklin Tree', 'Cras non velit nec nisi vulputate nonummy. Maecenas tincidunt lacus at velit. Vivamus vel nulla eget eros elementum pellentesque.', 43.1, 116, true, 6, 5);
insert into produits (id, nom, description, prix, quantite, estDisponible, categorieId, entrepreneurId) values (7, 'Silk Bay', 'Curabitur gravida nisi at nibh. In hac habitasse platea dictumst. Aliquam augue quam, sollicitudin vitae, consectetuer eget, rutrum at, lorem.', 67.7, 20, true, 5, 14);
insert into produits (id, nom, description, prix, quantite, estDisponible, categorieId, entrepreneurId) values (8, 'Welsh Mudwort', 'In hac habitasse platea dictumst. Morbi vestibulum, velit id pretium iaculis, diam erat fermentum justo, nec condimentum neque sapien placerat ante. Nulla justo.', 43.9, 45, true, 12, 18);
insert into produits (id, nom, description, prix, quantite, estDisponible, categorieId, entrepreneurId) values (9, 'Map Lichen', 'Phasellus sit amet erat. Nulla tempus. Vivamus in felis eu sapien cursus vestibulum.', 25.5, 148, true, 13, 4);
insert into produits (id, nom, description, prix, quantite, estDisponible, categorieId, entrepreneurId) values (10, 'Great Basin Popcornflower', 'Maecenas leo odio, condimentum id, luctus nec, molestie sed, justo. Pellentesque viverra pede ac diam. Cras pellentesque volutpat dui.', 67.4, 1, true, 7, 11);
insert into produits (id, nom, description, prix, quantite, estDisponible, categorieId, entrepreneurId) values (11, 'Arkansas Ironweed', 'In quis justo. Maecenas rhoncus aliquam lacus. Morbi quis tortor id nulla ultrices aliquet.', 99.3, 82, true, 12, 14);
insert into produits (id, nom, description, prix, quantite, estDisponible, categorieId, entrepreneurId) values (12, 'Zigzag Iris', 'Integer tincidunt ante vel ipsum. Praesent blandit lacinia erat. Vestibulum sed magna at nunc commodo placerat.', 96.3, 163, true, 12, 9);
insert into produits (id, nom, description, prix, quantite, estDisponible, categorieId, entrepreneurId) values (13, 'Dubautia', 'Sed ante. Vivamus tortor. Duis mattis egestas metus.', 87.1, 47, true, 7, 18);
insert into produits (id, nom, description, prix, quantite, estDisponible, categorieId, entrepreneurId) values (14, 'Lycaste', 'Quisque porta volutpat erat. Quisque erat eros, viverra eget, congue eget, semper rutrum, nulla. Nunc purus.', 15.5, 9, true, 10, 14);
insert into produits (id, nom, description, prix, quantite, estDisponible, categorieId, entrepreneurId) values (15, 'Alaska Wormwood', 'Phasellus in felis. Donec semper sapien a libero. Nam dui.', 10.5, 121, true, 11, 8);
insert into produits (id, nom, description, prix, quantite, estDisponible, categorieId, entrepreneurId) values (16, 'Richwoods Sedge', 'Etiam vel augue. Vestibulum rutrum rutrum neque. Aenean auctor gravida sem.', 86.0, 165, true, 7, 1);
insert into produits (id, nom, description, prix, quantite, estDisponible, categorieId, entrepreneurId) values (17, 'Woolly Cinquefoil', 'Nulla ut erat id mauris vulputate elementum. Nullam varius. Nulla facilisi.', 85.0, 138, true, 12, 6);
insert into produits (id, nom, description, prix, quantite, estDisponible, categorieId, entrepreneurId) values (18, 'Queen''s-wreath', 'Nullam porttitor lacus at turpis. Donec posuere metus vitae ipsum. Aliquam non mauris.', 1.6, 46, true, 6, 3);
insert into produits (id, nom, description, prix, quantite, estDisponible, categorieId, entrepreneurId) values (19, 'Panicledleaf Ticktrefoil', 'Duis aliquam convallis nunc. Proin at turpis a pede posuere nonummy. Integer non velit.', 43.3, 73, true, 7, 11);
insert into produits (id, nom, description, prix, quantite, estDisponible, categorieId, entrepreneurId) values (20, 'Purple Cowpea', 'Sed ante. Vivamus tortor. Duis mattis egestas metus.', 18.8, 138, true, 11, 9);
insert into produits (id, nom, description, prix, quantite, estDisponible, categorieId, entrepreneurId) values (21, 'Dark-fruited Cotoneaster', 'Fusce consequat. Nulla nisl. Nunc nisl.', 2.4, 74, true, 3, 10);
insert into produits (id, nom, description, prix, quantite, estDisponible, categorieId, entrepreneurId) values (22, 'Queen Anne''s Lace', 'Pellentesque at nulla. Suspendisse potenti. Cras in purus eu magna vulputate luctus.', 54.8, 185, true, 11, 13);
insert into produits (id, nom, description, prix, quantite, estDisponible, categorieId, entrepreneurId) values (23, 'Disc Lichen', 'Proin eu mi. Nulla ac enim. In tempor, turpis nec euismod scelerisque, quam turpis adipiscing lorem, vitae mattis nibh ligula nec sem.', 42.8, 146, true, 9, 9);
insert into produits (id, nom, description, prix, quantite, estDisponible, categorieId, entrepreneurId) values (24, 'Mt. Lassen Fleabane', 'Curabitur gravida nisi at nibh. In hac habitasse platea dictumst. Aliquam augue quam, sollicitudin vitae, consectetuer eget, rutrum at, lorem.', 7.1, 17, true, 7, 7);
insert into produits (id, nom, description, prix, quantite, estDisponible, categorieId, entrepreneurId) values (25, 'Ward''s Beardtongue', 'Etiam vel augue. Vestibulum rutrum rutrum neque. Aenean auctor gravida sem.', 86.9, 22, true, 1, 6);
insert into produits (id, nom, description, prix, quantite, estDisponible, categorieId, entrepreneurId) values (26, 'Yavapai County Buckwheat', 'Phasellus in felis. Donec semper sapien a libero. Nam dui.', 14.0, 129, true, 5, 19);
insert into produits (id, nom, description, prix, quantite, estDisponible, categorieId, entrepreneurId) values (27, 'Hilend''s Bedstraw', 'In sagittis dui vel nisl. Duis ac nibh. Fusce lacus purus, aliquet at, feugiat non, pretium quis, lectus.', 16.8, 166, true, 10, 17);
insert into produits (id, nom, description, prix, quantite, estDisponible, categorieId, entrepreneurId) values (28, 'Island Brittleleaf', 'Phasellus sit amet erat. Nulla tempus. Vivamus in felis eu sapien cursus vestibulum.', 65.7, 118, true, 4, 7);
insert into produits (id, nom, description, prix, quantite, estDisponible, categorieId, entrepreneurId) values (29, 'Winged Elm', 'Mauris enim leo, rhoncus sed, vestibulum sit amet, cursus id, turpis. Integer aliquet, massa id lobortis convallis, tortor risus dapibus augue, vel accumsan tellus nisi eu orci. Mauris lacinia sapien quis libero.', 93.6, 80, true, 13, 4);
insert into produits (id, nom, description, prix, quantite, estDisponible, categorieId, entrepreneurId) values (30, 'Marigold', 'Mauris enim leo, rhoncus sed, vestibulum sit amet, cursus id, turpis. Integer aliquet, massa id lobortis convallis, tortor risus dapibus augue, vel accumsan tellus nisi eu orci. Mauris lacinia sapien quis libero.', 88.4, 170, true, 3, 6);
insert into produits (id, nom, description, prix, quantite, estDisponible, categorieId, entrepreneurId) values (31, 'Crested Cinquefoil', 'Duis consequat dui nec nisi volutpat eleifend. Donec ut dolor. Morbi vel lectus in quam fringilla rhoncus.', 91.0, 121, true, 9, 9);
insert into produits (id, nom, description, prix, quantite, estDisponible, categorieId, entrepreneurId) values (32, 'Arctic Trichostomum Moss', 'Maecenas ut massa quis augue luctus tincidunt. Nulla mollis molestie lorem. Quisque ut erat.', 95.7, 79, true, 9, 15);
insert into produits (id, nom, description, prix, quantite, estDisponible, categorieId, entrepreneurId) values (33, 'Silverleaf Cotoneaster', 'Maecenas tristique, est et tempus semper, est quam pharetra magna, ac consequat metus sapien ut nunc. Vestibulum ante ipsum primis in faucibus orci luctus et ultrices posuere cubilia Curae; Mauris viverra diam vitae quam. Suspendisse potenti.', 83.0, 177, true, 12, 3);
insert into produits (id, nom, description, prix, quantite, estDisponible, categorieId, entrepreneurId) values (34, 'Santa Barbara Island Buckwheat', 'Maecenas leo odio, condimentum id, luctus nec, molestie sed, justo. Pellentesque viverra pede ac diam. Cras pellentesque volutpat dui.', 56.6, 195, true, 4, 15);
insert into produits (id, nom, description, prix, quantite, estDisponible, categorieId, entrepreneurId) values (35, 'Caddo true Foxglove', 'Aenean lectus. Pellentesque eget nunc. Donec quis orci eget orci vehicula condimentum.', 65.3, 132, true, 4, 9);
insert into produits (id, nom, description, prix, quantite, estDisponible, categorieId, entrepreneurId) values (36, 'Pondweed', 'Pellentesque at nulla. Suspendisse potenti. Cras in purus eu magna vulputate luctus.', 36.0, 107, true, 4, 7);
insert into produits (id, nom, description, prix, quantite, estDisponible, categorieId, entrepreneurId) values (37, 'Garfield Lupine', 'Proin interdum mauris non ligula pellentesque ultrices. Phasellus id sapien in sapien iaculis congue. Vivamus metus arcu, adipiscing molestie, hendrerit at, vulputate vitae, nisl.', 58.5, 146, true, 11, 8);
insert into produits (id, nom, description, prix, quantite, estDisponible, categorieId, entrepreneurId) values (38, 'Velvety Goldenrod', 'Nullam porttitor lacus at turpis. Donec posuere metus vitae ipsum. Aliquam non mauris.', 66.3, 135, true, 5, 10);
insert into produits (id, nom, description, prix, quantite, estDisponible, categorieId, entrepreneurId) values (39, 'Mielichhofer''s Copper Moss', 'Duis bibendum. Morbi non quam nec dui luctus rutrum. Nulla tellus.', 58.3, 76, true, 12, 13);
insert into produits (id, nom, description, prix, quantite, estDisponible, categorieId, entrepreneurId) values (40, 'Giant Wakerobin', 'Aenean fermentum. Donec ut mauris eget massa tempor convallis. Nulla neque libero, convallis eget, eleifend luctus, ultricies eu, nibh.', 48.7, 85, true, 9, 7);
insert into produits (id, nom, description, prix, quantite, estDisponible, categorieId, entrepreneurId) values (41, 'Cusick''s Checkerbloom', 'Fusce posuere felis sed lacus. Morbi sem mauris, laoreet ut, rhoncus aliquet, pulvinar sed, nisl. Nunc rhoncus dui vel sem.', 88.9, 48, true, 4, 6);
insert into produits (id, nom, description, prix, quantite, estDisponible, categorieId, entrepreneurId) values (42, 'Livermore Nailwort', 'In congue. Etiam justo. Etiam pretium iaculis justo.', 30.4, 156, true, 13, 1);
insert into produits (id, nom, description, prix, quantite, estDisponible, categorieId, entrepreneurId) values (43, 'Thevetia', 'Lorem ipsum dolor sit amet, consectetuer adipiscing elit. Proin risus. Praesent lectus.', 99.8, 111, true, 13, 7);
insert into produits (id, nom, description, prix, quantite, estDisponible, categorieId, entrepreneurId) values (44, 'Crested Floatingheart', 'Sed ante. Vivamus tortor. Duis mattis egestas metus.', 80.8, 167, true, 9, 11);
insert into produits (id, nom, description, prix, quantite, estDisponible, categorieId, entrepreneurId) values (45, 'Whiteflower Navelwort', 'In sagittis dui vel nisl. Duis ac nibh. Fusce lacus purus, aliquet at, feugiat non, pretium quis, lectus.', 86.3, 133, true, 3, 6);
insert into produits (id, nom, description, prix, quantite, estDisponible, categorieId, entrepreneurId) values (46, 'Pond Cypress', 'In sagittis dui vel nisl. Duis ac nibh. Fusce lacus purus, aliquet at, feugiat non, pretium quis, lectus.', 87.3, 152, true, 2, 5);
insert into produits (id, nom, description, prix, quantite, estDisponible, categorieId, entrepreneurId) values (47, 'Ebony Diospyros', 'Morbi non lectus. Aliquam sit amet diam in magna bibendum imperdiet. Nullam orci pede, venenatis non, sodales sed, tincidunt eu, felis.', 12.1, 113, true, 10, 15);
insert into produits (id, nom, description, prix, quantite, estDisponible, categorieId, entrepreneurId) values (48, 'Trypelthelium Lichen', 'Fusce posuere felis sed lacus. Morbi sem mauris, laoreet ut, rhoncus aliquet, pulvinar sed, nisl. Nunc rhoncus dui vel sem.', 26.3, 71, true, 7, 19);
insert into produits (id, nom, description, prix, quantite, estDisponible, categorieId, entrepreneurId) values (49, 'Calico Aster', 'Etiam vel augue. Vestibulum rutrum rutrum neque. Aenean auctor gravida sem.', 70.0, 168, true, 7, 9);
insert into produits (id, nom, description, prix, quantite, estDisponible, categorieId, entrepreneurId) values (50, 'Mogollon Mountain Vetch', 'Proin leo odio, porttitor id, consequat in, consequat ut, nulla. Sed accumsan felis. Ut at dolor quis odio consequat varius.', 47.7, 62, true, 10, 9);
insert into produits (id, nom, description, prix, quantite, estDisponible, categorieId, entrepreneurId) values (51, 'San Luis Blazingstar', 'Aliquam quis turpis eget elit sodales scelerisque. Mauris sit amet eros. Suspendisse accumsan tortor quis turpis.', 62.4, 43, true, 1, 13);
insert into produits (id, nom, description, prix, quantite, estDisponible, categorieId, entrepreneurId) values (52, 'Spring Mountain Aster', 'Cum sociis natoque penatibus et magnis dis parturient montes, nascetur ridiculus mus. Vivamus vestibulum sagittis sapien. Cum sociis natoque penatibus et magnis dis parturient montes, nascetur ridiculus mus.', 61.4, 51, true, 1, 4);
insert into produits (id, nom, description, prix, quantite, estDisponible, categorieId, entrepreneurId) values (53, 'Milkthistle', 'Vestibulum quam sapien, varius ut, blandit non, interdum in, ante. Vestibulum ante ipsum primis in faucibus orci luctus et ultrices posuere cubilia Curae; Duis faucibus accumsan odio. Curabitur convallis.', 82.5, 138, true, 7, 5);
insert into produits (id, nom, description, prix, quantite, estDisponible, categorieId, entrepreneurId) values (54, 'Royal Larkspur', 'In quis justo. Maecenas rhoncus aliquam lacus. Morbi quis tortor id nulla ultrices aliquet.', 55.0, 137, true, 4, 16);
insert into produits (id, nom, description, prix, quantite, estDisponible, categorieId, entrepreneurId) values (55, 'Redflower Buckwheat', 'Fusce posuere felis sed lacus. Morbi sem mauris, laoreet ut, rhoncus aliquet, pulvinar sed, nisl. Nunc rhoncus dui vel sem.', 16.2, 95, true, 8, 6);
insert into produits (id, nom, description, prix, quantite, estDisponible, categorieId, entrepreneurId) values (56, 'American Nailwort', 'Phasellus in felis. Donec semper sapien a libero. Nam dui.', 68.6, 81, true, 10, 8);
insert into produits (id, nom, description, prix, quantite, estDisponible, categorieId, entrepreneurId) values (57, 'Rock Buckwheat', 'Proin leo odio, porttitor id, consequat in, consequat ut, nulla. Sed accumsan felis. Ut at dolor quis odio consequat varius.', 21.7, 20, true, 11, 18);
insert into produits (id, nom, description, prix, quantite, estDisponible, categorieId, entrepreneurId) values (58, 'Orinoco Jute', 'Duis bibendum. Morbi non quam nec dui luctus rutrum. Nulla tellus.', 94.2, 99, true, 2, 18);
insert into produits (id, nom, description, prix, quantite, estDisponible, categorieId, entrepreneurId) values (59, 'Chautle Livingrock', 'Nullam sit amet turpis elementum ligula vehicula consequat. Morbi a ipsum. Integer a nibh.', 91.0, 97, true, 13, 10);
insert into produits (id, nom, description, prix, quantite, estDisponible, categorieId, entrepreneurId) values (60, 'Christmastree Plant', 'Sed ante. Vivamus tortor. Duis mattis egestas metus.', 88.4, 188, true, 1, 6);
insert into produits (id, nom, description, prix, quantite, estDisponible, categorieId, entrepreneurId) values (61, 'Umbel Clerodendrum', 'Nullam porttitor lacus at turpis. Donec posuere metus vitae ipsum. Aliquam non mauris.', 83.5, 140, true, 11, 14);
insert into produits (id, nom, description, prix, quantite, estDisponible, categorieId, entrepreneurId) values (62, 'Lescuraea Moss', 'Curabitur in libero ut massa volutpat convallis. Morbi odio odio, elementum eu, interdum eu, tincidunt in, leo. Maecenas pulvinar lobortis est.', 69.2, 157, true, 1, 17);
insert into produits (id, nom, description, prix, quantite, estDisponible, categorieId, entrepreneurId) values (63, 'Don Quixote''s Lace', 'In sagittis dui vel nisl. Duis ac nibh. Fusce lacus purus, aliquet at, feugiat non, pretium quis, lectus.', 1.4, 196, true, 6, 7);
insert into produits (id, nom, description, prix, quantite, estDisponible, categorieId, entrepreneurId) values (64, 'Western Bladderpod', 'Aenean lectus. Pellentesque eget nunc. Donec quis orci eget orci vehicula condimentum.', 43.7, 19, true, 1, 20);
insert into produits (id, nom, description, prix, quantite, estDisponible, categorieId, entrepreneurId) values (65, 'Hillebrandia', 'In hac habitasse platea dictumst. Etiam faucibus cursus urna. Ut tellus.', 84.1, 83, true, 8, 18);
insert into produits (id, nom, description, prix, quantite, estDisponible, categorieId, entrepreneurId) values (66, 'Thoroughwort', 'Mauris enim leo, rhoncus sed, vestibulum sit amet, cursus id, turpis. Integer aliquet, massa id lobortis convallis, tortor risus dapibus augue, vel accumsan tellus nisi eu orci. Mauris lacinia sapien quis libero.', 95.6, 141, true, 7, 6);
insert into produits (id, nom, description, prix, quantite, estDisponible, categorieId, entrepreneurId) values (67, 'Abata Cola', 'Duis bibendum. Morbi non quam nec dui luctus rutrum. Nulla tellus.', 64.2, 195, true, 3, 10);
insert into produits (id, nom, description, prix, quantite, estDisponible, categorieId, entrepreneurId) values (68, 'Woodfern', 'Phasellus in felis. Donec semper sapien a libero. Nam dui.', 57.0, 141, true, 7, 2);
insert into produits (id, nom, description, prix, quantite, estDisponible, categorieId, entrepreneurId) values (69, 'Tall Annual Willowherb', 'Pellentesque at nulla. Suspendisse potenti. Cras in purus eu magna vulputate luctus.', 66.1, 144, true, 5, 4);
insert into produits (id, nom, description, prix, quantite, estDisponible, categorieId, entrepreneurId) values (70, 'Cutleaf Coneflower', 'Quisque id justo sit amet sapien dignissim vestibulum. Vestibulum ante ipsum primis in faucibus orci luctus et ultrices posuere cubilia Curae; Nulla dapibus dolor vel est. Donec odio justo, sollicitudin ut, suscipit a, feugiat et, eros.', 1.5, 132, true, 4, 17);
insert into produits (id, nom, description, prix, quantite, estDisponible, categorieId, entrepreneurId) values (71, 'Tortella Moss', 'Maecenas ut massa quis augue luctus tincidunt. Nulla mollis molestie lorem. Quisque ut erat.', 27.6, 129, true, 3, 2);
insert into produits (id, nom, description, prix, quantite, estDisponible, categorieId, entrepreneurId) values (72, 'Rinodina Lichen', 'Curabitur gravida nisi at nibh. In hac habitasse platea dictumst. Aliquam augue quam, sollicitudin vitae, consectetuer eget, rutrum at, lorem.', 91.9, 131, true, 7, 14);
insert into produits (id, nom, description, prix, quantite, estDisponible, categorieId, entrepreneurId) values (73, 'Virginia Fanpetals', 'Lorem ipsum dolor sit amet, consectetuer adipiscing elit. Proin risus. Praesent lectus.', 55.3, 133, true, 11, 4);
insert into produits (id, nom, description, prix, quantite, estDisponible, categorieId, entrepreneurId) values (74, 'Running Mountaingrass', 'Proin interdum mauris non ligula pellentesque ultrices. Phasellus id sapien in sapien iaculis congue. Vivamus metus arcu, adipiscing molestie, hendrerit at, vulputate vitae, nisl.', 16.2, 113, true, 7, 18);
insert into produits (id, nom, description, prix, quantite, estDisponible, categorieId, entrepreneurId) values (75, 'Rock Stitchwort', 'In hac habitasse platea dictumst. Etiam faucibus cursus urna. Ut tellus.', 35.8, 5, true, 4, 9);
insert into produits (id, nom, description, prix, quantite, estDisponible, categorieId, entrepreneurId) values (76, 'Sticky Monkeyflower', 'In hac habitasse platea dictumst. Morbi vestibulum, velit id pretium iaculis, diam erat fermentum justo, nec condimentum neque sapien placerat ante. Nulla justo.', 20.5, 178, true, 6, 2);
insert into produits (id, nom, description, prix, quantite, estDisponible, categorieId, entrepreneurId) values (77, 'Pore Lichen', 'Nullam sit amet turpis elementum ligula vehicula consequat. Morbi a ipsum. Integer a nibh.', 79.4, 184, true, 9, 13);
insert into produits (id, nom, description, prix, quantite, estDisponible, categorieId, entrepreneurId) values (78, 'Antidaphne', 'In congue. Etiam justo. Etiam pretium iaculis justo.', 56.1, 8, true, 1, 7);
insert into produits (id, nom, description, prix, quantite, estDisponible, categorieId, entrepreneurId) values (79, 'Guazuma', 'Lorem ipsum dolor sit amet, consectetuer adipiscing elit. Proin risus. Praesent lectus.', 15.6, 179, true, 13, 6);
insert into produits (id, nom, description, prix, quantite, estDisponible, categorieId, entrepreneurId) values (80, 'Scarlet Monkeyflower', 'Vestibulum ac est lacinia nisi venenatis tristique. Fusce congue, diam id ornare imperdiet, sapien urna pretium nisl, ut volutpat sapien arcu sed augue. Aliquam erat volutpat.', 59.0, 37, true, 5, 18);
insert into produits (id, nom, description, prix, quantite, estDisponible, categorieId, entrepreneurId) values (81, 'Colorado Barberry', 'Sed sagittis. Nam congue, risus semper porta volutpat, quam pede lobortis ligula, sit amet eleifend pede libero quis orci. Nullam molestie nibh in lectus.', 85.9, 123, true, 2, 3);
insert into produits (id, nom, description, prix, quantite, estDisponible, categorieId, entrepreneurId) values (82, 'Limestone Goldenrod', 'Integer ac leo. Pellentesque ultrices mattis odio. Donec vitae nisi.', 23.1, 72, true, 4, 1);
insert into produits (id, nom, description, prix, quantite, estDisponible, categorieId, entrepreneurId) values (83, 'Regal Pelargonium', 'Lorem ipsum dolor sit amet, consectetuer adipiscing elit. Proin risus. Praesent lectus.', 79.8, 188, true, 9, 15);
insert into produits (id, nom, description, prix, quantite, estDisponible, categorieId, entrepreneurId) values (84, 'Gairdner''s Beardtongue', 'Donec diam neque, vestibulum eget, vulputate ut, ultrices vel, augue. Vestibulum ante ipsum primis in faucibus orci luctus et ultrices posuere cubilia Curae; Donec pharetra, magna vestibulum aliquet ultrices, erat tortor sollicitudin mi, sit amet lobortis sapien sapien non mi. Integer ac neque.', 22.0, 151, true, 13, 4);
insert into produits (id, nom, description, prix, quantite, estDisponible, categorieId, entrepreneurId) values (85, 'Meadow Garlic', 'Morbi non lectus. Aliquam sit amet diam in magna bibendum imperdiet. Nullam orci pede, venenatis non, sodales sed, tincidunt eu, felis.', 13.9, 22, true, 11, 7);
insert into produits (id, nom, description, prix, quantite, estDisponible, categorieId, entrepreneurId) values (86, 'Fringed Rockdaisy', 'Morbi porttitor lorem id ligula. Suspendisse ornare consequat lectus. In est risus, auctor sed, tristique in, tempus sit amet, sem.', 59.6, 37, true, 9, 9);
insert into produits (id, nom, description, prix, quantite, estDisponible, categorieId, entrepreneurId) values (87, 'Scarlet Oak', 'Suspendisse potenti. In eleifend quam a odio. In hac habitasse platea dictumst.', 17.8, 171, true, 4, 8);
insert into produits (id, nom, description, prix, quantite, estDisponible, categorieId, entrepreneurId) values (88, 'Rim Lichen', 'Sed ante. Vivamus tortor. Duis mattis egestas metus.', 77.9, 33, true, 5, 10);
insert into produits (id, nom, description, prix, quantite, estDisponible, categorieId, entrepreneurId) values (89, 'Hovenia', 'Maecenas ut massa quis augue luctus tincidunt. Nulla mollis molestie lorem. Quisque ut erat.', 9.2, 132, true, 7, 5);
insert into produits (id, nom, description, prix, quantite, estDisponible, categorieId, entrepreneurId) values (90, 'Clasping Arnica', 'Duis aliquam convallis nunc. Proin at turpis a pede posuere nonummy. Integer non velit.', 36.9, 38, true, 8, 2);
insert into produits (id, nom, description, prix, quantite, estDisponible, categorieId, entrepreneurId) values (91, 'Haid''s Amygdalaria Lichen', 'Proin leo odio, porttitor id, consequat in, consequat ut, nulla. Sed accumsan felis. Ut at dolor quis odio consequat varius.', 34.0, 198, true, 10, 2);
insert into produits (id, nom, description, prix, quantite, estDisponible, categorieId, entrepreneurId) values (92, 'Douglas'' Mesamint', 'Sed ante. Vivamus tortor. Duis mattis egestas metus.', 18.5, 164, true, 4, 8);
insert into produits (id, nom, description, prix, quantite, estDisponible, categorieId, entrepreneurId) values (93, 'Sandysoil Suncup', 'Phasellus in felis. Donec semper sapien a libero. Nam dui.', 21.0, 30, true, 12, 13);
insert into produits (id, nom, description, prix, quantite, estDisponible, categorieId, entrepreneurId) values (94, 'Wild Sarsaparilla', 'Phasellus in felis. Donec semper sapien a libero. Nam dui.', 39.1, 118, true, 1, 3);
insert into produits (id, nom, description, prix, quantite, estDisponible, categorieId, entrepreneurId) values (95, 'Gila Rockdaisy', 'Morbi porttitor lorem id ligula. Suspendisse ornare consequat lectus. In est risus, auctor sed, tristique in, tempus sit amet, sem.', 29.7, 66, true, 3, 9);
insert into produits (id, nom, description, prix, quantite, estDisponible, categorieId, entrepreneurId) values (96, 'Pale Blue-eyed Grass', 'Phasellus sit amet erat. Nulla tempus. Vivamus in felis eu sapien cursus vestibulum.', 75.7, 94, true, 7, 14);
insert into produits (id, nom, description, prix, quantite, estDisponible, categorieId, entrepreneurId) values (97, 'Longtongue Muhly', 'Maecenas ut massa quis augue luctus tincidunt. Nulla mollis molestie lorem. Quisque ut erat.', 57.7, 101, true, 7, 1);
insert into produits (id, nom, description, prix, quantite, estDisponible, categorieId, entrepreneurId) values (98, 'Cup Lichen', 'Praesent id massa id nisl venenatis lacinia. Aenean sit amet justo. Morbi ut odio.', 35.6, 14, true, 8, 14);
insert into produits (id, nom, description, prix, quantite, estDisponible, categorieId, entrepreneurId) values (99, 'Guadalupe Waternymph', 'Maecenas ut massa quis augue luctus tincidunt. Nulla mollis molestie lorem. Quisque ut erat.', 45.1, 73, true, 3, 16);
insert into produits (id, nom, description, prix, quantite, estDisponible, categorieId, entrepreneurId) values (100, 'Golden Draba', 'Integer tincidunt ante vel ipsum. Praesent blandit lacinia erat. Vestibulum sed magna at nunc commodo placerat.', 51.5, 181, true, 8, 7);
insert into commandes (id, prix, updatedAt, clientId) values (1, 218.6, '2021-04-07', 27);
insert into commandes (id, prix, updatedAt, clientId) values (2, 750.6, '2020-07-17', 22);
insert into commandes (id, prix, updatedAt, clientId) values (3, 190.8, '2020-07-27', 39);
insert into commandes (id, prix, updatedAt, clientId) values (4, 459.7, '2020-09-17', 86);
insert into commandes (id, prix, updatedAt, clientId) values (5, 298.0, '2020-12-30', 19);
insert into commandes (id, prix, updatedAt, clientId) values (6, 739.8, '2020-11-15', 37);
insert into commandes (id, prix, updatedAt, clientId) values (7, 527.9, '2020-09-05', 45);
insert into commandes (id, prix, updatedAt, clientId) values (8, 482.9, '2020-08-14', 77);
insert into commandes (id, prix, updatedAt, clientId) values (9, 344.7, '2020-10-25', 73);
insert into commandes (id, prix, updatedAt, clientId) values (10, 493.3, '2020-08-29', 29);
insert into commandes (id, prix, updatedAt, clientId) values (11, 314.6, '2020-07-01', 55);
insert into commandes (id, prix, updatedAt, clientId) values (12, 432.3, '2021-02-17', 44);
insert into commandes (id, prix, updatedAt, clientId) values (13, 479.9, '2021-01-16', 53);
insert into commandes (id, prix, updatedAt, clientId) values (14, 619.6, '2020-10-12', 48);
insert into commandes (id, prix, updatedAt, clientId) values (15, 683.7, '2020-07-27', 42);
insert into commandes (id, prix, updatedAt, clientId) values (16, 243.1, '2021-04-24', 49);
insert into commandes (id, prix, updatedAt, clientId) values (17, 112.5, '2021-03-30', 58);
insert into commandes (id, prix, updatedAt, clientId) values (18, 786.7, '2020-06-30', 67);
insert into commandes (id, prix, updatedAt, clientId) values (19, 249.2, '2020-07-09', 70);
insert into commandes (id, prix, updatedAt, clientId) values (20, 210.9, '2021-01-10', 96);
insert into commandes (id, prix, updatedAt, clientId) values (21, 143.7, '2020-06-03', 56);
insert into commandes (id, prix, updatedAt, clientId) values (22, 457.7, '2020-06-27', 67);
insert into commandes (id, prix, updatedAt, clientId) values (23, 599.4, '2020-07-21', 97);
insert into commandes (id, prix, updatedAt, clientId) values (24, 413.8, '2020-12-16', 10);
insert into commandes (id, prix, updatedAt, clientId) values (25, 241.1, '2021-01-28', 62);
insert into commandes (id, prix, updatedAt, clientId) values (26, 453.9, '2020-07-13', 43);
insert into commandes (id, prix, updatedAt, clientId) values (27, 501.4, '2020-11-06', 78);
insert into commandes (id, prix, updatedAt, clientId) values (28, 455.4, '2020-06-15', 38);
insert into commandes (id, prix, updatedAt, clientId) values (29, 363.5, '2020-10-18', 52);
insert into commandes (id, prix, updatedAt, clientId) values (30, 470.3, '2021-02-05', 98);
insert into commandes (id, prix, updatedAt, clientId) values (31, 136.3, '2020-11-05', 75);
insert into commandes (id, prix, updatedAt, clientId) values (32, 315.4, '2021-03-15', 37);
insert into commandes (id, prix, updatedAt, clientId) values (33, 465.1, '2021-02-27', 89);
insert into commandes (id, prix, updatedAt, clientId) values (34, 123.3, '2021-04-24', 57);
insert into commandes (id, prix, updatedAt, clientId) values (35, 690.0, '2020-06-05', 1);
insert into commandes (id, prix, updatedAt, clientId) values (36, 675.4, '2020-09-09', 23);
insert into commandes (id, prix, updatedAt, clientId) values (37, 704.1, '2021-02-13', 36);
insert into commandes (id, prix, updatedAt, clientId) values (38, 304.7, '2020-12-17', 43);
insert into commandes (id, prix, updatedAt, clientId) values (39, 252.4, '2020-05-27', 7);
insert into commandes (id, prix, updatedAt, clientId) values (40, 118.4, '2021-04-14', 74);
insert into commandes (id, prix, updatedAt, clientId) values (41, 561.7, '2021-01-22', 41);
insert into commandes (id, prix, updatedAt, clientId) values (42, 391.1, '2020-10-13', 15);
insert into commandes (id, prix, updatedAt, clientId) values (43, 501.8, '2020-12-19', 64);
insert into commandes (id, prix, updatedAt, clientId) values (44, 743.1, '2021-04-21', 6);
insert into commandes (id, prix, updatedAt, clientId) values (45, 665.1, '2021-03-06', 44);
insert into commandes (id, prix, updatedAt, clientId) values (46, 168.9, '2020-09-19', 21);
insert into commandes (id, prix, updatedAt, clientId) values (47, 415.6, '2020-11-20', 7);
insert into commandes (id, prix, updatedAt, clientId) values (48, 543.2, '2020-08-23', 8);
insert into commandes (id, prix, updatedAt, clientId) values (49, 502.3, '2021-03-08', 1);
insert into commandes (id, prix, updatedAt, clientId) values (50, 144.3, '2020-07-09', 84);
insert into commandes (id, prix, updatedAt, clientId) values (51, 543.1, '2020-06-04', 33);
insert into commandes (id, prix, updatedAt, clientId) values (52, 378.7, '2021-03-19', 30);
insert into commandes (id, prix, updatedAt, clientId) values (53, 293.7, '2021-02-14', 78);
insert into commandes (id, prix, updatedAt, clientId) values (54, 209.9, '2021-03-05', 74);
insert into commandes (id, prix, updatedAt, clientId) values (55, 247.6, '2020-09-14', 94);
insert into commandes (id, prix, updatedAt, clientId) values (56, 685.4, '2021-01-19', 55);
insert into commandes (id, prix, updatedAt, clientId) values (57, 166.6, '2020-05-22', 72);
insert into commandes (id, prix, updatedAt, clientId) values (58, 696.4, '2020-11-02', 46);
insert into commandes (id, prix, updatedAt, clientId) values (59, 429.3, '2020-05-30', 29);
insert into commandes (id, prix, updatedAt, clientId) values (60, 440.8, '2020-12-07', 96);
insert into commandes (id, prix, updatedAt, clientId) values (61, 162.2, '2021-05-04', 22);
insert into commandes (id, prix, updatedAt, clientId) values (62, 162.1, '2020-05-30', 66);
insert into commandes (id, prix, updatedAt, clientId) values (63, 359.1, '2020-10-09', 25);
insert into commandes (id, prix, updatedAt, clientId) values (64, 345.3, '2021-03-25', 99);
insert into commandes (id, prix, updatedAt, clientId) values (65, 183.3, '2021-05-02', 73);
insert into commandes (id, prix, updatedAt, clientId) values (66, 224.6, '2020-08-28', 60);
insert into commandes (id, prix, updatedAt, clientId) values (67, 665.3, '2020-07-04', 22);
insert into commandes (id, prix, updatedAt, clientId) values (68, 399.3, '2021-01-08', 26);
insert into commandes (id, prix, updatedAt, clientId) values (69, 348.7, '2020-11-04', 29);
insert into commandes (id, prix, updatedAt, clientId) values (70, 204.5, '2021-05-17', 33);
insert into commandes (id, prix, updatedAt, clientId) values (71, 134.7, '2020-07-19', 99);
insert into commandes (id, prix, updatedAt, clientId) values (72, 606.0, '2020-05-27', 99);
insert into commandes (id, prix, updatedAt, clientId) values (73, 729.0, '2020-11-18', 32);
insert into commandes (id, prix, updatedAt, clientId) values (74, 391.8, '2020-10-13', 96);
insert into commandes (id, prix, updatedAt, clientId) values (75, 121.2, '2021-01-29', 49);
insert into commandes (id, prix, updatedAt, clientId) values (76, 473.0, '2020-12-11', 6);
insert into commandes (id, prix, updatedAt, clientId) values (77, 229.1, '2020-11-11', 23);
insert into commandes (id, prix, updatedAt, clientId) values (78, 125.5, '2021-02-25', 68);
insert into commandes (id, prix, updatedAt, clientId) values (79, 567.5, '2020-10-08', 88);
insert into commandes (id, prix, updatedAt, clientId) values (80, 112.7, '2020-12-30', 44);
insert into commandes (id, prix, updatedAt, clientId) values (81, 546.8, '2021-05-06', 52);
insert into commandes (id, prix, updatedAt, clientId) values (82, 181.6, '2021-01-15', 47);
insert into commandes (id, prix, updatedAt, clientId) values (83, 464.8, '2020-07-09', 23);
insert into commandes (id, prix, updatedAt, clientId) values (84, 794.4, '2021-03-19', 80);
insert into commandes (id, prix, updatedAt, clientId) values (85, 421.1, '2020-09-30', 95);
insert into commandes (id, prix, updatedAt, clientId) values (86, 540.9, '2020-10-13', 26);
insert into commandes (id, prix, updatedAt, clientId) values (87, 347.7, '2020-12-10', 77);
insert into commandes (id, prix, updatedAt, clientId) values (88, 637.5, '2021-02-20', 86);
insert into commandes (id, prix, updatedAt, clientId) values (89, 524.3, '2020-07-03', 41);
insert into commandes (id, prix, updatedAt, clientId) values (90, 499.5, '2021-04-17', 37);
insert into commandes (id, prix, updatedAt, clientId) values (91, 190.8, '2020-07-27', 32);
insert into commandes (id, prix, updatedAt, clientId) values (92, 741.5, '2020-11-11', 48);
insert into commandes (id, prix, updatedAt, clientId) values (93, 336.4, '2020-09-06', 13);
insert into commandes (id, prix, updatedAt, clientId) values (94, 413.2, '2021-05-16', 54);
insert into commandes (id, prix, updatedAt, clientId) values (95, 399.1, '2020-12-03', 27);
insert into commandes (id, prix, updatedAt, clientId) values (96, 114.3, '2020-07-05', 66);
insert into commandes (id, prix, updatedAt, clientId) values (97, 526.3, '2021-03-18', 20);
insert into commandes (id, prix, updatedAt, clientId) values (98, 311.7, '2020-12-28', 83);
insert into commandes (id, prix, updatedAt, clientId) values (99, 411.0, '2020-07-19', 7);
insert into commandes (id, prix, updatedAt, clientId) values (100, 636.3, '2020-08-10', 61);
insert into livraisons (id, numeroRueL, rueL, villeL, codePostalL, estLivre, commandeId) values (1, 266, 'Karstens', 'Ostankinskiy', 3120, true, 1);
insert into livraisons (id, numeroRueL, rueL, villeL, codePostalL, estLivre, commandeId) values (2, 55, '6th', 'Visby', 6948, false, 2);
insert into livraisons (id, numeroRueL, rueL, villeL, codePostalL, estLivre, commandeId) values (3, 108, 'Pierstorff', 'Los Frentones', 4294, false, 3);
insert into livraisons (id, numeroRueL, rueL, villeL, codePostalL, estLivre, commandeId) values (4, 337, 'Kenwood', 'Solec Nad Wisłą', 7305, true, 4);
insert into livraisons (id, numeroRueL, rueL, villeL, codePostalL, estLivre, commandeId) values (5, 127, 'Judy', 'Beolgyo', 7463, true, 5);
insert into livraisons (id, numeroRueL, rueL, villeL, codePostalL, estLivre, commandeId) values (6, 31, 'Eastwood', 'Berlin', 6868, true, 6);
insert into livraisons (id, numeroRueL, rueL, villeL, codePostalL, estLivre, commandeId) values (7, 206, 'Larry', 'Del Valle', 5533, false, 7);
insert into livraisons (id, numeroRueL, rueL, villeL, codePostalL, estLivre, commandeId) values (8, 296, 'Buhler', 'Mancos', 5881, false, 8);
insert into livraisons (id, numeroRueL, rueL, villeL, codePostalL, estLivre, commandeId) values (9, 341, 'Debs', 'Pancoran', 1229, true, 9);
insert into livraisons (id, numeroRueL, rueL, villeL, codePostalL, estLivre, commandeId) values (10, 113, 'Village', 'Kitakyūshū', 3647, true, 10);
insert into livraisons (id, numeroRueL, rueL, villeL, codePostalL, estLivre, commandeId) values (11, 146, 'Ridge Oak', 'Praia da Barra', 1305, false, 11);
insert into livraisons (id, numeroRueL, rueL, villeL, codePostalL, estLivre, commandeId) values (12, 65, 'Valley Edge', 'Waihi', 1840, false, 12);
insert into livraisons (id, numeroRueL, rueL, villeL, codePostalL, estLivre, commandeId) values (13, 220, 'Russell', 'Changqiao', 1553, false, 13);
insert into livraisons (id, numeroRueL, rueL, villeL, codePostalL, estLivre, commandeId) values (14, 320, 'Havey', 'Shajing', 6791, true, 14);
insert into livraisons (id, numeroRueL, rueL, villeL, codePostalL, estLivre, commandeId) values (15, 297, 'Comanche', 'Brooklyn', 7667, false, 15);
insert into livraisons (id, numeroRueL, rueL, villeL, codePostalL, estLivre, commandeId) values (16, 120, 'Dorton', 'Tanxi', 3514, false, 16);
insert into livraisons (id, numeroRueL, rueL, villeL, codePostalL, estLivre, commandeId) values (17, 340, 'Manufacturers', 'Aurora', 4156, false, 17);
insert into livraisons (id, numeroRueL, rueL, villeL, codePostalL, estLivre, commandeId) values (18, 9, 'Kensington', 'Guaranésia', 3683, false, 18);
insert into livraisons (id, numeroRueL, rueL, villeL, codePostalL, estLivre, commandeId) values (19, 28, 'Fairview', 'Gorna Oryakhovitsa', 6852, true, 19);
insert into livraisons (id, numeroRueL, rueL, villeL, codePostalL, estLivre, commandeId) values (20, 165, 'Bobwhite', 'Jugezhuang', 6451, true, 20);
insert into livraisons (id, numeroRueL, rueL, villeL, codePostalL, estLivre, commandeId) values (21, 123, 'Sycamore', 'Dire Dawa', 4475, true, 21);
insert into livraisons (id, numeroRueL, rueL, villeL, codePostalL, estLivre, commandeId) values (22, 336, 'Debra', 'Fresno', 6382, true, 22);
insert into livraisons (id, numeroRueL, rueL, villeL, codePostalL, estLivre, commandeId) values (23, 197, 'Duke', 'Mahendranagar', 6686, true, 23);
insert into livraisons (id, numeroRueL, rueL, villeL, codePostalL, estLivre, commandeId) values (24, 260, 'Transport', 'Inari', 5629, false, 24);
insert into livraisons (id, numeroRueL, rueL, villeL, codePostalL, estLivre, commandeId) values (25, 185, 'Division', 'Cigintung', 2741, true, 25);
insert into livraisons (id, numeroRueL, rueL, villeL, codePostalL, estLivre, commandeId) values (26, 115, 'Jay', 'Hongqi', 2685, true, 26);
insert into livraisons (id, numeroRueL, rueL, villeL, codePostalL, estLivre, commandeId) values (27, 262, 'Evergreen', 'Krasnorechenskiy', 6268, false, 27);
insert into livraisons (id, numeroRueL, rueL, villeL, codePostalL, estLivre, commandeId) values (28, 157, 'Gina', 'Inicbulan', 5822, true, 28);
insert into livraisons (id, numeroRueL, rueL, villeL, codePostalL, estLivre, commandeId) values (29, 120, 'Bobwhite', 'Mianhu', 6914, true, 29);
insert into livraisons (id, numeroRueL, rueL, villeL, codePostalL, estLivre, commandeId) values (30, 293, 'Carioca', 'Vesoul', 4018, false, 30);
insert into livraisons (id, numeroRueL, rueL, villeL, codePostalL, estLivre, commandeId) values (31, 214, 'Hauk', 'Haveluloto', 6348, false, 31);
insert into livraisons (id, numeroRueL, rueL, villeL, codePostalL, estLivre, commandeId) values (32, 138, 'Clove', 'Gorzów Wielkopolski', 4523, true, 32);
insert into livraisons (id, numeroRueL, rueL, villeL, codePostalL, estLivre, commandeId) values (33, 245, 'Nova', 'Wenqiao', 7850, false, 33);
insert into livraisons (id, numeroRueL, rueL, villeL, codePostalL, estLivre, commandeId) values (34, 173, 'Glacier Hill', 'Ilare', 6010, false, 34);
insert into livraisons (id, numeroRueL, rueL, villeL, codePostalL, estLivre, commandeId) values (35, 260, 'Ridgeway', 'Taranovskoye', 6363, false, 35);
insert into livraisons (id, numeroRueL, rueL, villeL, codePostalL, estLivre, commandeId) values (36, 3, 'Clarendon', 'Casalinho', 3377, true, 36);
insert into livraisons (id, numeroRueL, rueL, villeL, codePostalL, estLivre, commandeId) values (37, 302, 'Lukken', 'Ubud', 4871, true, 37);
insert into livraisons (id, numeroRueL, rueL, villeL, codePostalL, estLivre, commandeId) values (38, 202, 'Fremont', 'Nong Phai', 2990, true, 38);
insert into livraisons (id, numeroRueL, rueL, villeL, codePostalL, estLivre, commandeId) values (39, 346, 'Sauthoff', 'Bayonne', 7448, true, 39);
insert into livraisons (id, numeroRueL, rueL, villeL, codePostalL, estLivre, commandeId) values (40, 167, 'Lunder', 'Dunhao', 3577, true, 40);
insert into livraisons (id, numeroRueL, rueL, villeL, codePostalL, estLivre, commandeId) values (41, 25, 'Tennessee', 'Ōtsuchi', 3375, false, 41);
insert into livraisons (id, numeroRueL, rueL, villeL, codePostalL, estLivre, commandeId) values (42, 161, 'Toban', 'Suya', 6112, true, 42);
insert into livraisons (id, numeroRueL, rueL, villeL, codePostalL, estLivre, commandeId) values (43, 306, 'Lotheville', 'Kranggan', 2323, false, 43);
insert into livraisons (id, numeroRueL, rueL, villeL, codePostalL, estLivre, commandeId) values (44, 123, 'Clove', 'Kambar', 4831, false, 44);
insert into livraisons (id, numeroRueL, rueL, villeL, codePostalL, estLivre, commandeId) values (45, 4, 'Prairieview', 'Sandakan', 7769, true, 45);
insert into livraisons (id, numeroRueL, rueL, villeL, codePostalL, estLivre, commandeId) values (46, 128, 'Moulton', 'Milwaukee', 3726, false, 46);
insert into livraisons (id, numeroRueL, rueL, villeL, codePostalL, estLivre, commandeId) values (47, 22, 'Elgar', 'Singkup', 3763, false, 47);
insert into livraisons (id, numeroRueL, rueL, villeL, codePostalL, estLivre, commandeId) values (48, 58, 'Corben', 'Neglasari', 4283, true, 48);
insert into livraisons (id, numeroRueL, rueL, villeL, codePostalL, estLivre, commandeId) values (49, 113, 'Morningstar', 'Marseille', 6079, true, 49);
insert into livraisons (id, numeroRueL, rueL, villeL, codePostalL, estLivre, commandeId) values (50, 189, 'Basil', 'Tanzhou', 3814, true, 50);
insert into livraisons (id, numeroRueL, rueL, villeL, codePostalL, estLivre, commandeId) values (51, 317, 'Saint Paul', 'Madīnat Ḩamad', 1796, false, 51);
insert into livraisons (id, numeroRueL, rueL, villeL, codePostalL, estLivre, commandeId) values (52, 229, 'Crownhardt', 'Camaçari', 6760, true, 52);
insert into livraisons (id, numeroRueL, rueL, villeL, codePostalL, estLivre, commandeId) values (53, 169, 'Sauthoff', 'Kamenický Šenov', 2915, true, 53);
insert into livraisons (id, numeroRueL, rueL, villeL, codePostalL, estLivre, commandeId) values (54, 273, 'Sherman', 'Pishaj', 4242, false, 54);
insert into livraisons (id, numeroRueL, rueL, villeL, codePostalL, estLivre, commandeId) values (55, 123, 'East', 'Horad Smalyavichy', 7689, true, 55);
insert into livraisons (id, numeroRueL, rueL, villeL, codePostalL, estLivre, commandeId) values (56, 8, 'Arrowood', 'London', 5214, false, 56);
insert into livraisons (id, numeroRueL, rueL, villeL, codePostalL, estLivre, commandeId) values (57, 312, 'Lighthouse Bay', 'Pailou', 3847, false, 57);
insert into livraisons (id, numeroRueL, rueL, villeL, codePostalL, estLivre, commandeId) values (58, 241, 'Kinsman', 'Junik', 6956, false, 58);
insert into livraisons (id, numeroRueL, rueL, villeL, codePostalL, estLivre, commandeId) values (59, 132, 'Crowley', 'Las Vegas', 1883, true, 59);
insert into livraisons (id, numeroRueL, rueL, villeL, codePostalL, estLivre, commandeId) values (60, 24, 'Tennessee', 'Vicente Guerrero', 6484, true, 60);
insert into livraisons (id, numeroRueL, rueL, villeL, codePostalL, estLivre, commandeId) values (61, 106, 'Hintze', 'Stare Kurowo', 7871, true, 61);
insert into livraisons (id, numeroRueL, rueL, villeL, codePostalL, estLivre, commandeId) values (62, 68, 'Green Ridge', 'Madison', 1880, false, 62);
insert into livraisons (id, numeroRueL, rueL, villeL, codePostalL, estLivre, commandeId) values (63, 54, 'Maple', 'Arraial do Cabo', 5120, true, 63);
insert into livraisons (id, numeroRueL, rueL, villeL, codePostalL, estLivre, commandeId) values (64, 226, 'Victoria', 'Qixingtai', 4716, true, 64);
insert into livraisons (id, numeroRueL, rueL, villeL, codePostalL, estLivre, commandeId) values (65, 88, 'Elka', 'Qinglung', 1498, false, 65);
insert into livraisons (id, numeroRueL, rueL, villeL, codePostalL, estLivre, commandeId) values (66, 268, 'Washington', 'Loma Bonita', 4774, true, 66);
insert into livraisons (id, numeroRueL, rueL, villeL, codePostalL, estLivre, commandeId) values (67, 272, 'Armistice', 'Gulao', 1680, false, 67);
insert into livraisons (id, numeroRueL, rueL, villeL, codePostalL, estLivre, commandeId) values (68, 350, 'Sheridan', 'Massy', 2607, false, 68);
insert into livraisons (id, numeroRueL, rueL, villeL, codePostalL, estLivre, commandeId) values (69, 93, 'Barnett', 'Międzybrodzie Bialskie', 5955, true, 69);
insert into livraisons (id, numeroRueL, rueL, villeL, codePostalL, estLivre, commandeId) values (70, 54, 'Summerview', 'Cagdianao', 1775, true, 70);
insert into livraisons (id, numeroRueL, rueL, villeL, codePostalL, estLivre, commandeId) values (71, 209, 'Novick', 'Padangan', 6564, true, 71);
insert into livraisons (id, numeroRueL, rueL, villeL, codePostalL, estLivre, commandeId) values (72, 95, 'Quincy', 'Slatina', 2469, true, 72);
insert into livraisons (id, numeroRueL, rueL, villeL, codePostalL, estLivre, commandeId) values (73, 68, 'Daystar', 'Trakai', 3187, false, 73);
insert into livraisons (id, numeroRueL, rueL, villeL, codePostalL, estLivre, commandeId) values (74, 258, 'Ryan', 'El Porvenir', 2653, true, 74);
insert into livraisons (id, numeroRueL, rueL, villeL, codePostalL, estLivre, commandeId) values (75, 21, 'Londonderry', 'Jiashi', 4618, false, 75);
insert into livraisons (id, numeroRueL, rueL, villeL, codePostalL, estLivre, commandeId) values (76, 292, 'Blaine', 'Tabu', 5808, true, 76);
insert into livraisons (id, numeroRueL, rueL, villeL, codePostalL, estLivre, commandeId) values (77, 277, 'Harper', 'Huangzhuang', 4980, false, 77);
insert into livraisons (id, numeroRueL, rueL, villeL, codePostalL, estLivre, commandeId) values (78, 322, 'David', 'Darungan', 3785, true, 78);
insert into livraisons (id, numeroRueL, rueL, villeL, codePostalL, estLivre, commandeId) values (79, 215, 'Dovetail', 'Huangtan', 4080, true, 79);
insert into livraisons (id, numeroRueL, rueL, villeL, codePostalL, estLivre, commandeId) values (80, 304, 'Crescent Oaks', 'Ardazubre', 7819, false, 80);
insert into livraisons (id, numeroRueL, rueL, villeL, codePostalL, estLivre, commandeId) values (81, 246, 'Rieder', 'Weichanglu', 4896, false, 81);
insert into livraisons (id, numeroRueL, rueL, villeL, codePostalL, estLivre, commandeId) values (82, 104, 'David', 'Melrose', 4419, false, 82);
insert into livraisons (id, numeroRueL, rueL, villeL, codePostalL, estLivre, commandeId) values (83, 20, 'Old Gate', 'Lincheng', 1377, true, 83);
insert into livraisons (id, numeroRueL, rueL, villeL, codePostalL, estLivre, commandeId) values (84, 256, 'Gerald', 'Kitakyūshū', 5359, true, 84);
insert into livraisons (id, numeroRueL, rueL, villeL, codePostalL, estLivre, commandeId) values (85, 260, 'Red Cloud', 'Barroco', 1814, false, 85);
insert into livraisons (id, numeroRueL, rueL, villeL, codePostalL, estLivre, commandeId) values (86, 264, 'Monument', 'Rungis', 2346, false, 86);
insert into livraisons (id, numeroRueL, rueL, villeL, codePostalL, estLivre, commandeId) values (87, 213, 'Harper', 'Pamiers', 4689, false, 87);
insert into livraisons (id, numeroRueL, rueL, villeL, codePostalL, estLivre, commandeId) values (88, 75, 'Ryan', 'Tyszowce', 6215, true, 88);
insert into livraisons (id, numeroRueL, rueL, villeL, codePostalL, estLivre, commandeId) values (89, 20, 'Morningstar', 'Miki', 4171, false, 89);
insert into livraisons (id, numeroRueL, rueL, villeL, codePostalL, estLivre, commandeId) values (90, 175, 'Declaration', 'Sumurgeneng', 4660, true, 90);
insert into livraisons (id, numeroRueL, rueL, villeL, codePostalL, estLivre, commandeId) values (91, 279, 'Sheridan', 'Salavat', 3483, true, 91);
insert into livraisons (id, numeroRueL, rueL, villeL, codePostalL, estLivre, commandeId) values (92, 291, 'Swallow', 'Debar', 3584, true, 92);
insert into livraisons (id, numeroRueL, rueL, villeL, codePostalL, estLivre, commandeId) values (93, 126, 'Crowley', 'Leipzig', 1832, true, 93);
insert into livraisons (id, numeroRueL, rueL, villeL, codePostalL, estLivre, commandeId) values (94, 175, 'Muir', 'Kakan', 6369, false, 94);
insert into livraisons (id, numeroRueL, rueL, villeL, codePostalL, estLivre, commandeId) values (95, 23, 'Oakridge', 'Barusuda', 3629, false, 95);
insert into livraisons (id, numeroRueL, rueL, villeL, codePostalL, estLivre, commandeId) values (96, 218, 'Green Ridge', 'Urpay', 2999, false, 96);
insert into livraisons (id, numeroRueL, rueL, villeL, codePostalL, estLivre, commandeId) values (97, 348, 'Mandrake', 'Maopingchang', 5027, true, 97);
insert into livraisons (id, numeroRueL, rueL, villeL, codePostalL, estLivre, commandeId) values (98, 266, 'Redwing', 'Changtang', 2450, true, 98);
insert into livraisons (id, numeroRueL, rueL, villeL, codePostalL, estLivre, commandeId) values (99, 257, 'Clemons', 'Horokhiv', 5208, false, 99);
insert into livraisons (id, numeroRueL, rueL, villeL, codePostalL, estLivre, commandeId) values (100, 291, 'Reinke', 'Darenzhuang', 5169, true, 100);
insert into ligneCommandes (id, quantite, prix, produitId, commandeId) values (1, 6, 55.4, 34, 94);
insert into ligneCommandes (id, quantite, prix, produitId, commandeId) values (2, 6, 19.3, 41, 96);
insert into ligneCommandes (id, quantite, prix, produitId, commandeId) values (3, 5, 36.7, 88, 39);
insert into ligneCommandes (id, quantite, prix, produitId, commandeId) values (4, 5, 46.6, 91, 44);
insert into ligneCommandes (id, quantite, prix, produitId, commandeId) values (5, 5, 80.1, 20, 24);
insert into ligneCommandes (id, quantite, prix, produitId, commandeId) values (6, 1, 48.6, 79, 31);
insert into ligneCommandes (id, quantite, prix, produitId, commandeId) values (7, 10, 50.9, 39, 70);
insert into ligneCommandes (id, quantite, prix, produitId, commandeId) values (8, 6, 64.8, 35, 98);
insert into ligneCommandes (id, quantite, prix, produitId, commandeId) values (9, 1, 27.3, 17, 62);
insert into ligneCommandes (id, quantite, prix, produitId, commandeId) values (10, 6, 64.6, 46, 14);
insert into ligneCommandes (id, quantite, prix, produitId, commandeId) values (11, 8, 19.9, 39, 64);
insert into ligneCommandes (id, quantite, prix, produitId, commandeId) values (12, 6, 86.2, 75, 53);
insert into ligneCommandes (id, quantite, prix, produitId, commandeId) values (13, 1, 17.7, 99, 68);
insert into ligneCommandes (id, quantite, prix, produitId, commandeId) values (14, 6, 17.4, 26, 44);
insert into ligneCommandes (id, quantite, prix, produitId, commandeId) values (15, 6, 22.5, 57, 20);
insert into ligneCommandes (id, quantite, prix, produitId, commandeId) values (16, 2, 94.2, 85, 43);
insert into ligneCommandes (id, quantite, prix, produitId, commandeId) values (17, 8, 19.9, 9, 79);
insert into ligneCommandes (id, quantite, prix, produitId, commandeId) values (18, 4, 57.1, 17, 61);
insert into ligneCommandes (id, quantite, prix, produitId, commandeId) values (19, 10, 28.8, 68, 31);
insert into ligneCommandes (id, quantite, prix, produitId, commandeId) values (20, 5, 93.6, 86, 99);
insert into ligneCommandes (id, quantite, prix, produitId, commandeId) values (21, 7, 27.4, 15, 75);
insert into ligneCommandes (id, quantite, prix, produitId, commandeId) values (22, 7, 57.4, 18, 45);
insert into ligneCommandes (id, quantite, prix, produitId, commandeId) values (23, 10, 62.1, 56, 44);
insert into ligneCommandes (id, quantite, prix, produitId, commandeId) values (24, 1, 25.5, 42, 98);
insert into ligneCommandes (id, quantite, prix, produitId, commandeId) values (25, 3, 93.1, 67, 39);
insert into ligneCommandes (id, quantite, prix, produitId, commandeId) values (26, 9, 31.9, 25, 54);
insert into ligneCommandes (id, quantite, prix, produitId, commandeId) values (27, 2, 84.3, 46, 27);
insert into ligneCommandes (id, quantite, prix, produitId, commandeId) values (28, 7, 12.8, 90, 2);
insert into ligneCommandes (id, quantite, prix, produitId, commandeId) values (29, 3, 89.5, 18, 52);
insert into ligneCommandes (id, quantite, prix, produitId, commandeId) values (30, 6, 21.0, 62, 46);
insert into ligneCommandes (id, quantite, prix, produitId, commandeId) values (31, 1, 94.6, 15, 74);
insert into ligneCommandes (id, quantite, prix, produitId, commandeId) values (32, 9, 69.1, 83, 78);
insert into ligneCommandes (id, quantite, prix, produitId, commandeId) values (33, 8, 35.0, 74, 12);
insert into ligneCommandes (id, quantite, prix, produitId, commandeId) values (34, 6, 48.9, 43, 78);
insert into ligneCommandes (id, quantite, prix, produitId, commandeId) values (35, 7, 19.2, 28, 25);
insert into ligneCommandes (id, quantite, prix, produitId, commandeId) values (36, 2, 83.1, 62, 39);
insert into ligneCommandes (id, quantite, prix, produitId, commandeId) values (37, 7, 91.0, 93, 61);
insert into ligneCommandes (id, quantite, prix, produitId, commandeId) values (38, 8, 14.6, 3, 19);
insert into ligneCommandes (id, quantite, prix, produitId, commandeId) values (39, 9, 18.0, 19, 45);
insert into ligneCommandes (id, quantite, prix, produitId, commandeId) values (40, 5, 15.1, 39, 97);
insert into ligneCommandes (id, quantite, prix, produitId, commandeId) values (41, 2, 54.7, 8, 24);
insert into ligneCommandes (id, quantite, prix, produitId, commandeId) values (42, 9, 29.1, 37, 2);
insert into ligneCommandes (id, quantite, prix, produitId, commandeId) values (43, 6, 52.2, 54, 60);
insert into ligneCommandes (id, quantite, prix, produitId, commandeId) values (44, 2, 53.2, 21, 58);
insert into ligneCommandes (id, quantite, prix, produitId, commandeId) values (45, 2, 98.8, 38, 61);
insert into ligneCommandes (id, quantite, prix, produitId, commandeId) values (46, 8, 18.1, 8, 1);
insert into ligneCommandes (id, quantite, prix, produitId, commandeId) values (47, 4, 43.7, 19, 79);
insert into ligneCommandes (id, quantite, prix, produitId, commandeId) values (48, 6, 42.1, 65, 73);
insert into ligneCommandes (id, quantite, prix, produitId, commandeId) values (49, 2, 27.8, 13, 75);
insert into ligneCommandes (id, quantite, prix, produitId, commandeId) values (50, 9, 28.7, 73, 65);
insert into ligneCommandes (id, quantite, prix, produitId, commandeId) values (51, 10, 74.2, 53, 79);
insert into ligneCommandes (id, quantite, prix, produitId, commandeId) values (52, 5, 87.1, 55, 20);
insert into ligneCommandes (id, quantite, prix, produitId, commandeId) values (53, 7, 44.8, 63, 79);
insert into ligneCommandes (id, quantite, prix, produitId, commandeId) values (54, 9, 71.0, 5, 32);
insert into ligneCommandes (id, quantite, prix, produitId, commandeId) values (55, 8, 77.5, 89, 93);
insert into ligneCommandes (id, quantite, prix, produitId, commandeId) values (56, 5, 25.3, 46, 31);
insert into ligneCommandes (id, quantite, prix, produitId, commandeId) values (57, 8, 88.6, 57, 46);
insert into ligneCommandes (id, quantite, prix, produitId, commandeId) values (58, 8, 45.3, 8, 77);
insert into ligneCommandes (id, quantite, prix, produitId, commandeId) values (59, 1, 84.5, 13, 35);
insert into ligneCommandes (id, quantite, prix, produitId, commandeId) values (60, 2, 96.7, 1, 75);
insert into ligneCommandes (id, quantite, prix, produitId, commandeId) values (61, 6, 64.7, 61, 92);
insert into ligneCommandes (id, quantite, prix, produitId, commandeId) values (62, 10, 92.6, 69, 63);
insert into ligneCommandes (id, quantite, prix, produitId, commandeId) values (63, 6, 13.3, 5, 45);
insert into ligneCommandes (id, quantite, prix, produitId, commandeId) values (64, 9, 34.1, 54, 12);
insert into ligneCommandes (id, quantite, prix, produitId, commandeId) values (65, 1, 77.3, 68, 88);
insert into ligneCommandes (id, quantite, prix, produitId, commandeId) values (66, 3, 38.0, 78, 93);
insert into ligneCommandes (id, quantite, prix, produitId, commandeId) values (67, 9, 34.1, 68, 72);
insert into ligneCommandes (id, quantite, prix, produitId, commandeId) values (68, 7, 69.8, 88, 18);
insert into ligneCommandes (id, quantite, prix, produitId, commandeId) values (69, 5, 76.3, 89, 19);
insert into ligneCommandes (id, quantite, prix, produitId, commandeId) values (70, 5, 31.4, 92, 53);
insert into ligneCommandes (id, quantite, prix, produitId, commandeId) values (71, 7, 23.5, 34, 80);
insert into ligneCommandes (id, quantite, prix, produitId, commandeId) values (72, 10, 82.4, 51, 79);
insert into ligneCommandes (id, quantite, prix, produitId, commandeId) values (73, 7, 12.9, 90, 93);
insert into ligneCommandes (id, quantite, prix, produitId, commandeId) values (74, 4, 44.1, 56, 73);
insert into ligneCommandes (id, quantite, prix, produitId, commandeId) values (75, 7, 23.3, 80, 95);
insert into ligneCommandes (id, quantite, prix, produitId, commandeId) values (76, 10, 97.6, 99, 60);
insert into ligneCommandes (id, quantite, prix, produitId, commandeId) values (77, 5, 81.0, 53, 17);
insert into ligneCommandes (id, quantite, prix, produitId, commandeId) values (78, 4, 60.2, 13, 81);
insert into ligneCommandes (id, quantite, prix, produitId, commandeId) values (79, 5, 37.1, 35, 97);
insert into ligneCommandes (id, quantite, prix, produitId, commandeId) values (80, 1, 59.5, 30, 83);
insert into ligneCommandes (id, quantite, prix, produitId, commandeId) values (81, 1, 21.6, 60, 61);
insert into ligneCommandes (id, quantite, prix, produitId, commandeId) values (82, 4, 62.8, 55, 26);
insert into ligneCommandes (id, quantite, prix, produitId, commandeId) values (83, 1, 48.1, 5, 15);
insert into ligneCommandes (id, quantite, prix, produitId, commandeId) values (84, 7, 70.5, 76, 77);
insert into ligneCommandes (id, quantite, prix, produitId, commandeId) values (85, 4, 91.7, 6, 13);
insert into ligneCommandes (id, quantite, prix, produitId, commandeId) values (86, 3, 47.6, 56, 93);
insert into ligneCommandes (id, quantite, prix, produitId, commandeId) values (87, 9, 79.2, 94, 7);
insert into ligneCommandes (id, quantite, prix, produitId, commandeId) values (88, 9, 18.9, 72, 52);
insert into ligneCommandes (id, quantite, prix, produitId, commandeId) values (89, 6, 12.7, 17, 88);
insert into ligneCommandes (id, quantite, prix, produitId, commandeId) values (90, 1, 38.7, 26, 71);
insert into ligneCommandes (id, quantite, prix, produitId, commandeId) values (91, 9, 92.5, 54, 55);
insert into ligneCommandes (id, quantite, prix, produitId, commandeId) values (92, 7, 69.8, 58, 86);
insert into ligneCommandes (id, quantite, prix, produitId, commandeId) values (93, 4, 18.8, 80, 26);
insert into ligneCommandes (id, quantite, prix, produitId, commandeId) values (94, 2, 60.0, 74, 83);
insert into ligneCommandes (id, quantite, prix, produitId, commandeId) values (95, 9, 71.4, 43, 27);
insert into ligneCommandes (id, quantite, prix, produitId, commandeId) values (96, 7, 69.5, 11, 95);
insert into ligneCommandes (id, quantite, prix, produitId, commandeId) values (97, 5, 57.3, 76, 28);
insert into ligneCommandes (id, quantite, prix, produitId, commandeId) values (98, 7, 75.4, 32, 86);
insert into ligneCommandes (id, quantite, prix, produitId, commandeId) values (99, 3, 49.7, 10, 69);
insert into ligneCommandes (id, quantite, prix, produitId, commandeId) values (100, 5, 47.1, 36, 74);
insert into ligneCommandes (id, quantite, prix, produitId, commandeId) values (101, 8, 72.1, 79, 25);
insert into ligneCommandes (id, quantite, prix, produitId, commandeId) values (102, 5, 69.2, 99, 92);
insert into ligneCommandes (id, quantite, prix, produitId, commandeId) values (103, 2, 43.9, 69, 21);
insert into ligneCommandes (id, quantite, prix, produitId, commandeId) values (104, 6, 18.8, 11, 7);
insert into ligneCommandes (id, quantite, prix, produitId, commandeId) values (105, 7, 15.6, 19, 75);
insert into ligneCommandes (id, quantite, prix, produitId, commandeId) values (106, 1, 57.1, 72, 5);
insert into ligneCommandes (id, quantite, prix, produitId, commandeId) values (107, 6, 15.1, 42, 27);
insert into ligneCommandes (id, quantite, prix, produitId, commandeId) values (108, 6, 83.2, 49, 99);
insert into ligneCommandes (id, quantite, prix, produitId, commandeId) values (109, 9, 41.7, 49, 77);
insert into ligneCommandes (id, quantite, prix, produitId, commandeId) values (110, 4, 11.9, 48, 48);
insert into ligneCommandes (id, quantite, prix, produitId, commandeId) values (111, 5, 56.9, 76, 64);
insert into ligneCommandes (id, quantite, prix, produitId, commandeId) values (112, 8, 80.5, 98, 64);
insert into ligneCommandes (id, quantite, prix, produitId, commandeId) values (113, 8, 94.2, 39, 5);
insert into ligneCommandes (id, quantite, prix, produitId, commandeId) values (114, 10, 36.2, 82, 23);
insert into ligneCommandes (id, quantite, prix, produitId, commandeId) values (115, 1, 15.7, 95, 70);
insert into ligneCommandes (id, quantite, prix, produitId, commandeId) values (116, 8, 24.4, 92, 20);
insert into ligneCommandes (id, quantite, prix, produitId, commandeId) values (117, 5, 13.3, 84, 24);
insert into ligneCommandes (id, quantite, prix, produitId, commandeId) values (118, 6, 57.5, 23, 66);
insert into ligneCommandes (id, quantite, prix, produitId, commandeId) values (119, 10, 63.5, 89, 19);
insert into ligneCommandes (id, quantite, prix, produitId, commandeId) values (120, 6, 76.7, 91, 87);
insert into ligneCommandes (id, quantite, prix, produitId, commandeId) values (121, 5, 72.5, 93, 9);
insert into ligneCommandes (id, quantite, prix, produitId, commandeId) values (122, 9, 21.3, 10, 86);
insert into ligneCommandes (id, quantite, prix, produitId, commandeId) values (123, 9, 50.0, 55, 76);
insert into ligneCommandes (id, quantite, prix, produitId, commandeId) values (124, 1, 45.5, 5, 17);
insert into ligneCommandes (id, quantite, prix, produitId, commandeId) values (125, 5, 47.2, 84, 48);
insert into ligneCommandes (id, quantite, prix, produitId, commandeId) values (126, 4, 97.4, 45, 11);
insert into ligneCommandes (id, quantite, prix, produitId, commandeId) values (127, 9, 91.6, 41, 51);
insert into ligneCommandes (id, quantite, prix, produitId, commandeId) values (128, 10, 29.3, 56, 35);
insert into ligneCommandes (id, quantite, prix, produitId, commandeId) values (129, 5, 69.2, 73, 83);
insert into ligneCommandes (id, quantite, prix, produitId, commandeId) values (130, 6, 43.3, 21, 70);
insert into ligneCommandes (id, quantite, prix, produitId, commandeId) values (131, 10, 36.1, 25, 9);
insert into ligneCommandes (id, quantite, prix, produitId, commandeId) values (132, 3, 92.0, 99, 80);
insert into ligneCommandes (id, quantite, prix, produitId, commandeId) values (133, 7, 56.2, 74, 54);
insert into ligneCommandes (id, quantite, prix, produitId, commandeId) values (134, 9, 71.5, 50, 57);
insert into ligneCommandes (id, quantite, prix, produitId, commandeId) values (135, 5, 99.7, 19, 95);
insert into ligneCommandes (id, quantite, prix, produitId, commandeId) values (136, 4, 36.0, 63, 42);
insert into ligneCommandes (id, quantite, prix, produitId, commandeId) values (137, 6, 34.3, 46, 75);
insert into ligneCommandes (id, quantite, prix, produitId, commandeId) values (138, 2, 81.3, 59, 41);
insert into ligneCommandes (id, quantite, prix, produitId, commandeId) values (139, 6, 80.4, 11, 49);
insert into ligneCommandes (id, quantite, prix, produitId, commandeId) values (140, 10, 20.9, 31, 70);
insert into ligneCommandes (id, quantite, prix, produitId, commandeId) values (141, 3, 13.8, 86, 3);
insert into ligneCommandes (id, quantite, prix, produitId, commandeId) values (142, 5, 81.1, 1, 53);
insert into ligneCommandes (id, quantite, prix, produitId, commandeId) values (143, 1, 31.8, 94, 36);
insert into ligneCommandes (id, quantite, prix, produitId, commandeId) values (144, 8, 42.4, 11, 18);
insert into ligneCommandes (id, quantite, prix, produitId, commandeId) values (145, 1, 78.2, 81, 72);
insert into ligneCommandes (id, quantite, prix, produitId, commandeId) values (146, 8, 60.7, 46, 33);
insert into ligneCommandes (id, quantite, prix, produitId, commandeId) values (147, 2, 57.6, 25, 75);
insert into ligneCommandes (id, quantite, prix, produitId, commandeId) values (148, 9, 66.6, 38, 19);
insert into ligneCommandes (id, quantite, prix, produitId, commandeId) values (149, 10, 26.0, 20, 77);
insert into ligneCommandes (id, quantite, prix, produitId, commandeId) values (150, 9, 10.8, 82, 53);
insert into ligneCommandes (id, quantite, prix, produitId, commandeId) values (151, 2, 83.8, 22, 56);
insert into ligneCommandes (id, quantite, prix, produitId, commandeId) values (152, 9, 19.9, 83, 34);
insert into ligneCommandes (id, quantite, prix, produitId, commandeId) values (153, 3, 46.1, 88, 76);
insert into ligneCommandes (id, quantite, prix, produitId, commandeId) values (154, 7, 90.7, 86, 95);
insert into ligneCommandes (id, quantite, prix, produitId, commandeId) values (155, 7, 11.2, 1, 76);
insert into ligneCommandes (id, quantite, prix, produitId, commandeId) values (156, 6, 36.1, 12, 83);
insert into ligneCommandes (id, quantite, prix, produitId, commandeId) values (157, 6, 49.1, 83, 50);
insert into ligneCommandes (id, quantite, prix, produitId, commandeId) values (158, 8, 12.4, 94, 23);
insert into ligneCommandes (id, quantite, prix, produitId, commandeId) values (159, 10, 37.8, 52, 82);
insert into ligneCommandes (id, quantite, prix, produitId, commandeId) values (160, 2, 30.6, 43, 70);
insert into ligneCommandes (id, quantite, prix, produitId, commandeId) values (161, 6, 23.5, 58, 96);
insert into ligneCommandes (id, quantite, prix, produitId, commandeId) values (162, 2, 46.9, 59, 43);
insert into ligneCommandes (id, quantite, prix, produitId, commandeId) values (163, 5, 25.6, 52, 58);
insert into ligneCommandes (id, quantite, prix, produitId, commandeId) values (164, 2, 67.8, 85, 50);
insert into ligneCommandes (id, quantite, prix, produitId, commandeId) values (165, 9, 12.5, 80, 2);
insert into ligneCommandes (id, quantite, prix, produitId, commandeId) values (166, 4, 55.0, 38, 65);
insert into ligneCommandes (id, quantite, prix, produitId, commandeId) values (167, 6, 97.4, 60, 40);
insert into ligneCommandes (id, quantite, prix, produitId, commandeId) values (168, 6, 28.2, 62, 2);
insert into ligneCommandes (id, quantite, prix, produitId, commandeId) values (169, 4, 79.3, 93, 57);
insert into ligneCommandes (id, quantite, prix, produitId, commandeId) values (170, 9, 57.0, 27, 70);
insert into ligneCommandes (id, quantite, prix, produitId, commandeId) values (171, 7, 99.2, 14, 89);
insert into ligneCommandes (id, quantite, prix, produitId, commandeId) values (172, 10, 69.2, 72, 2);
insert into ligneCommandes (id, quantite, prix, produitId, commandeId) values (173, 1, 53.0, 4, 83);
insert into ligneCommandes (id, quantite, prix, produitId, commandeId) values (174, 3, 56.1, 29, 31);
insert into ligneCommandes (id, quantite, prix, produitId, commandeId) values (175, 8, 11.9, 61, 31);
insert into ligneCommandes (id, quantite, prix, produitId, commandeId) values (176, 1, 33.0, 4, 36);
insert into ligneCommandes (id, quantite, prix, produitId, commandeId) values (177, 4, 98.9, 69, 27);
insert into ligneCommandes (id, quantite, prix, produitId, commandeId) values (178, 4, 99.1, 16, 1);
insert into ligneCommandes (id, quantite, prix, produitId, commandeId) values (179, 4, 18.3, 97, 97);
insert into ligneCommandes (id, quantite, prix, produitId, commandeId) values (180, 9, 95.1, 32, 76);
insert into ligneCommandes (id, quantite, prix, produitId, commandeId) values (181, 3, 25.7, 38, 23);
insert into ligneCommandes (id, quantite, prix, produitId, commandeId) values (182, 4, 27.0, 50, 28);
insert into ligneCommandes (id, quantite, prix, produitId, commandeId) values (183, 2, 41.4, 83, 87);
insert into ligneCommandes (id, quantite, prix, produitId, commandeId) values (184, 9, 70.3, 53, 6);
insert into ligneCommandes (id, quantite, prix, produitId, commandeId) values (185, 9, 83.8, 58, 60);
insert into ligneCommandes (id, quantite, prix, produitId, commandeId) values (186, 10, 36.5, 68, 94);
insert into ligneCommandes (id, quantite, prix, produitId, commandeId) values (187, 5, 72.0, 61, 14);
insert into ligneCommandes (id, quantite, prix, produitId, commandeId) values (188, 10, 83.2, 78, 32);
insert into ligneCommandes (id, quantite, prix, produitId, commandeId) values (189, 9, 77.5, 68, 77);
insert into ligneCommandes (id, quantite, prix, produitId, commandeId) values (190, 2, 61.8, 23, 35);
insert into ligneCommandes (id, quantite, prix, produitId, commandeId) values (191, 9, 95.0, 51, 82);
insert into ligneCommandes (id, quantite, prix, produitId, commandeId) values (192, 5, 22.0, 41, 41);
insert into ligneCommandes (id, quantite, prix, produitId, commandeId) values (193, 8, 66.7, 31, 85);
insert into ligneCommandes (id, quantite, prix, produitId, commandeId) values (194, 8, 78.5, 41, 31);
insert into ligneCommandes (id, quantite, prix, produitId, commandeId) values (195, 10, 59.2, 74, 57);
insert into ligneCommandes (id, quantite, prix, produitId, commandeId) values (196, 10, 39.4, 80, 28);
insert into ligneCommandes (id, quantite, prix, produitId, commandeId) values (197, 5, 77.1, 12, 76);
insert into ligneCommandes (id, quantite, prix, produitId, commandeId) values (198, 9, 33.1, 26, 5);
insert into ligneCommandes (id, quantite, prix, produitId, commandeId) values (199, 2, 33.3, 88, 9);
insert into ligneCommandes (id, quantite, prix, produitId, commandeId) values (200, 10, 16.8, 72, 45);
insert into ligneCommandes (id, quantite, prix, produitId, commandeId) values (201, 3, 83.3, 89, 40);
insert into ligneCommandes (id, quantite, prix, produitId, commandeId) values (202, 3, 43.8, 29, 49);
insert into ligneCommandes (id, quantite, prix, produitId, commandeId) values (203, 8, 62.8, 93, 39);
insert into ligneCommandes (id, quantite, prix, produitId, commandeId) values (204, 10, 41.3, 21, 33);
insert into ligneCommandes (id, quantite, prix, produitId, commandeId) values (205, 6, 58.8, 46, 45);
insert into ligneCommandes (id, quantite, prix, produitId, commandeId) values (206, 5, 83.8, 40, 88);
insert into ligneCommandes (id, quantite, prix, produitId, commandeId) values (207, 10, 43.8, 30, 95);
insert into ligneCommandes (id, quantite, prix, produitId, commandeId) values (208, 9, 67.1, 35, 49);
insert into ligneCommandes (id, quantite, prix, produitId, commandeId) values (209, 6, 46.1, 50, 60);
insert into ligneCommandes (id, quantite, prix, produitId, commandeId) values (210, 9, 60.2, 27, 98);
insert into ligneCommandes (id, quantite, prix, produitId, commandeId) values (211, 9, 88.0, 52, 68);
insert into ligneCommandes (id, quantite, prix, produitId, commandeId) values (212, 2, 97.2, 45, 51);
insert into ligneCommandes (id, quantite, prix, produitId, commandeId) values (213, 4, 90.1, 13, 45);
insert into ligneCommandes (id, quantite, prix, produitId, commandeId) values (214, 3, 26.2, 11, 76);
insert into ligneCommandes (id, quantite, prix, produitId, commandeId) values (215, 2, 65.0, 10, 74);
insert into ligneCommandes (id, quantite, prix, produitId, commandeId) values (216, 1, 32.7, 2, 5);
insert into ligneCommandes (id, quantite, prix, produitId, commandeId) values (217, 9, 93.7, 52, 37);
insert into ligneCommandes (id, quantite, prix, produitId, commandeId) values (218, 10, 88.1, 99, 18);
insert into ligneCommandes (id, quantite, prix, produitId, commandeId) values (219, 4, 30.9, 53, 55);
insert into ligneCommandes (id, quantite, prix, produitId, commandeId) values (220, 8, 57.8, 98, 67);
insert into ligneCommandes (id, quantite, prix, produitId, commandeId) values (221, 4, 20.3, 83, 23);
insert into ligneCommandes (id, quantite, prix, produitId, commandeId) values (222, 7, 49.3, 5, 96);
insert into ligneCommandes (id, quantite, prix, produitId, commandeId) values (223, 2, 46.9, 50, 92);
insert into ligneCommandes (id, quantite, prix, produitId, commandeId) values (224, 4, 65.2, 95, 57);
insert into ligneCommandes (id, quantite, prix, produitId, commandeId) values (225, 7, 92.2, 21, 70);
insert into ligneCommandes (id, quantite, prix, produitId, commandeId) values (226, 3, 28.8, 9, 72);
insert into ligneCommandes (id, quantite, prix, produitId, commandeId) values (227, 1, 75.1, 55, 62);
insert into ligneCommandes (id, quantite, prix, produitId, commandeId) values (228, 5, 48.4, 11, 51);
insert into ligneCommandes (id, quantite, prix, produitId, commandeId) values (229, 5, 74.3, 77, 73);
insert into ligneCommandes (id, quantite, prix, produitId, commandeId) values (230, 8, 64.3, 13, 99);
insert into ligneCommandes (id, quantite, prix, produitId, commandeId) values (231, 5, 72.6, 15, 59);
insert into ligneCommandes (id, quantite, prix, produitId, commandeId) values (232, 2, 83.1, 26, 18);
insert into ligneCommandes (id, quantite, prix, produitId, commandeId) values (233, 6, 82.2, 67, 45);
insert into ligneCommandes (id, quantite, prix, produitId, commandeId) values (234, 6, 86.0, 92, 46);
insert into ligneCommandes (id, quantite, prix, produitId, commandeId) values (235, 1, 72.6, 14, 67);
insert into ligneCommandes (id, quantite, prix, produitId, commandeId) values (236, 1, 37.5, 97, 69);
insert into ligneCommandes (id, quantite, prix, produitId, commandeId) values (237, 4, 38.3, 23, 44);
insert into ligneCommandes (id, quantite, prix, produitId, commandeId) values (238, 3, 40.0, 47, 20);
insert into ligneCommandes (id, quantite, prix, produitId, commandeId) values (239, 5, 73.2, 74, 82);
insert into ligneCommandes (id, quantite, prix, produitId, commandeId) values (240, 10, 84.9, 86, 20);
insert into ligneCommandes (id, quantite, prix, produitId, commandeId) values (241, 6, 32.9, 2, 84);
insert into ligneCommandes (id, quantite, prix, produitId, commandeId) values (242, 8, 34.2, 27, 57);
insert into ligneCommandes (id, quantite, prix, produitId, commandeId) values (243, 1, 35.9, 61, 95);
insert into ligneCommandes (id, quantite, prix, produitId, commandeId) values (244, 5, 29.1, 58, 17);
insert into ligneCommandes (id, quantite, prix, produitId, commandeId) values (245, 3, 19.5, 58, 40);
insert into ligneCommandes (id, quantite, prix, produitId, commandeId) values (246, 8, 52.2, 47, 51);
insert into ligneCommandes (id, quantite, prix, produitId, commandeId) values (247, 8, 98.2, 98, 6);
insert into ligneCommandes (id, quantite, prix, produitId, commandeId) values (248, 8, 27.7, 5, 30);
insert into ligneCommandes (id, quantite, prix, produitId, commandeId) values (249, 6, 43.2, 97, 54);
insert into ligneCommandes (id, quantite, prix, produitId, commandeId) values (250, 1, 93.3, 27, 7);
insert into ligneCommandes (id, quantite, prix, produitId, commandeId) values (251, 9, 84.9, 75, 64);
insert into ligneCommandes (id, quantite, prix, produitId, commandeId) values (252, 1, 83.9, 87, 26);
insert into ligneCommandes (id, quantite, prix, produitId, commandeId) values (253, 7, 38.2, 34, 67);
insert into ligneCommandes (id, quantite, prix, produitId, commandeId) values (254, 7, 34.9, 17, 30);
insert into ligneCommandes (id, quantite, prix, produitId, commandeId) values (255, 4, 20.1, 80, 69);
insert into ligneCommandes (id, quantite, prix, produitId, commandeId) values (256, 4, 16.5, 78, 4);
insert into ligneCommandes (id, quantite, prix, produitId, commandeId) values (257, 10, 21.3, 59, 95);
insert into ligneCommandes (id, quantite, prix, produitId, commandeId) values (258, 1, 52.7, 5, 19);
insert into ligneCommandes (id, quantite, prix, produitId, commandeId) values (259, 7, 19.2, 2, 83);
insert into ligneCommandes (id, quantite, prix, produitId, commandeId) values (260, 3, 58.2, 44, 92);
insert into ligneCommandes (id, quantite, prix, produitId, commandeId) values (261, 5, 12.9, 97, 71);
insert into ligneCommandes (id, quantite, prix, produitId, commandeId) values (262, 10, 66.6, 100, 62);
insert into ligneCommandes (id, quantite, prix, produitId, commandeId) values (263, 7, 62.8, 60, 32);
insert into ligneCommandes (id, quantite, prix, produitId, commandeId) values (264, 9, 45.8, 78, 31);
insert into ligneCommandes (id, quantite, prix, produitId, commandeId) values (265, 1, 20.5, 94, 68);
insert into ligneCommandes (id, quantite, prix, produitId, commandeId) values (266, 5, 28.3, 38, 47);
insert into ligneCommandes (id, quantite, prix, produitId, commandeId) values (267, 2, 48.4, 37, 98);
insert into ligneCommandes (id, quantite, prix, produitId, commandeId) values (268, 10, 78.0, 73, 60);
insert into ligneCommandes (id, quantite, prix, produitId, commandeId) values (269, 2, 81.4, 22, 94);
insert into ligneCommandes (id, quantite, prix, produitId, commandeId) values (270, 7, 84.6, 33, 70);
insert into ligneCommandes (id, quantite, prix, produitId, commandeId) values (271, 4, 43.9, 8, 92);
insert into ligneCommandes (id, quantite, prix, produitId, commandeId) values (272, 1, 81.6, 31, 48);
insert into ligneCommandes (id, quantite, prix, produitId, commandeId) values (273, 6, 84.7, 51, 100);
insert into ligneCommandes (id, quantite, prix, produitId, commandeId) values (274, 8, 59.1, 26, 4);
insert into ligneCommandes (id, quantite, prix, produitId, commandeId) values (275, 4, 10.7, 79, 83);
insert into ligneCommandes (id, quantite, prix, produitId, commandeId) values (276, 1, 60.5, 78, 38);
insert into ligneCommandes (id, quantite, prix, produitId, commandeId) values (277, 4, 73.4, 66, 81);
insert into ligneCommandes (id, quantite, prix, produitId, commandeId) values (278, 5, 17.9, 42, 60);
insert into ligneCommandes (id, quantite, prix, produitId, commandeId) values (279, 3, 34.7, 28, 8);
insert into ligneCommandes (id, quantite, prix, produitId, commandeId) values (280, 1, 12.0, 61, 66);
insert into ligneCommandes (id, quantite, prix, produitId, commandeId) values (281, 1, 60.2, 52, 81);
insert into ligneCommandes (id, quantite, prix, produitId, commandeId) values (282, 10, 64.5, 25, 14);
insert into ligneCommandes (id, quantite, prix, produitId, commandeId) values (283, 2, 30.1, 3, 4);
insert into ligneCommandes (id, quantite, prix, produitId, commandeId) values (284, 8, 43.8, 36, 6);
insert into ligneCommandes (id, quantite, prix, produitId, commandeId) values (285, 2, 19.2, 62, 56);
insert into ligneCommandes (id, quantite, prix, produitId, commandeId) values (286, 8, 93.2, 45, 76);
insert into ligneCommandes (id, quantite, prix, produitId, commandeId) values (287, 8, 68.8, 88, 99);
insert into ligneCommandes (id, quantite, prix, produitId, commandeId) values (288, 10, 19.6, 70, 1);
insert into ligneCommandes (id, quantite, prix, produitId, commandeId) values (289, 4, 47.3, 33, 57);
insert into ligneCommandes (id, quantite, prix, produitId, commandeId) values (290, 10, 42.9, 2, 83);
insert into ligneCommandes (id, quantite, prix, produitId, commandeId) values (291, 8, 79.5, 43, 99);
insert into ligneCommandes (id, quantite, prix, produitId, commandeId) values (292, 6, 35.7, 2, 48);
insert into ligneCommandes (id, quantite, prix, produitId, commandeId) values (293, 2, 20.4, 61, 62);
insert into ligneCommandes (id, quantite, prix, produitId, commandeId) values (294, 1, 93.1, 31, 51);
insert into ligneCommandes (id, quantite, prix, produitId, commandeId) values (295, 8, 77.8, 42, 3);
insert into ligneCommandes (id, quantite, prix, produitId, commandeId) values (296, 8, 48.6, 99, 69);
insert into ligneCommandes (id, quantite, prix, produitId, commandeId) values (297, 7, 53.7, 11, 9);
insert into ligneCommandes (id, quantite, prix, produitId, commandeId) values (298, 9, 75.9, 46, 73);
insert into ligneCommandes (id, quantite, prix, produitId, commandeId) values (299, 8, 59.6, 4, 41);
insert into ligneCommandes (id, quantite, prix, produitId, commandeId) values (300, 9, 22.2, 79, 13);